tsne_1,tsne_2,validation_position,dataset_index,label_id,label,experiment
-23.661354,19.826418,0,6639,0,Surprise,pretrained_ce_affinity
-23.844364,22.063961,2,258,0,Surprise,pretrained_ce_affinity
21.354057,12.177242,5,3345,3,Happiness,pretrained_ce_affinity
-29.853779,-11.040429,7,7618,4,Sadness,pretrained_ce_affinity
44.314472,-1.7219528,10,3292,3,Happiness,pretrained_ce_affinity
11.182436,4.2883306,11,5775,3,Happiness,pretrained_ce_affinity
47.193882,5.278886,17,3943,3,Happiness,pretrained_ce_affinity
-30.309381,13.950167,18,715,0,Surprise,pretrained_ce_affinity
36.73493,8.990872,19,4799,3,Happiness,pretrained_ce_affinity
-19.615976,22.484722,21,2864,0,Surprise,pretrained_ce_affinity
-29.68499,16.596064,23,7625,0,Surprise,pretrained_ce_affinity
-5.1796794,-9.429874,26,4014,5,Anger,pretrained_ce_affinity
-2.3961742,-30.482449,32,10388,6,Neutral,pretrained_ce_affinity
-14.254155,12.38847,33,9597,2,Disgust,pretrained_ce_affinity
-36.227757,-10.158607,34,4669,4,Sadness,pretrained_ce_affinity
11.2252035,-11.957158,36,8888,3,Happiness,pretrained_ce_affinity
-4.344745,-20.280897,37,11190,6,Neutral,pretrained_ce_affinity
-30.36782,-8.997132,39,8091,4,Sadness,pretrained_ce_affinity
23.566154,-1.8062248,41,2363,3,Happiness,pretrained_ce_affinity
36.303593,14.676171,42,932,3,Happiness,pretrained_ce_affinity
1.1791948,-24.096996,43,11319,6,Neutral,pretrained_ce_affinity
26.58048,5.6388474,44,1770,3,Happiness,pretrained_ce_affinity
-6.1415586,4.078016,46,9449,2,Disgust,pretrained_ce_affinity
10.778094,12.428214,50,3842,0,Surprise,pretrained_ce_affinity
37.28174,-3.0791435,51,7480,3,Happiness,pretrained_ce_affinity
41.293774,14.43542,52,2554,3,Happiness,pretrained_ce_affinity
-7.8628383,-1.8851472,57,1791,2,Disgust,pretrained_ce_affinity
-17.401627,-16.222136,58,8566,4,Sadness,pretrained_ce_affinity
7.022378,-14.898119,60,11785,6,Neutral,pretrained_ce_affinity
-1.8851683,-28.375673,63,10410,6,Neutral,pretrained_ce_affinity
-20.05989,3.5339966,65,7973,5,Anger,pretrained_ce_affinity
-6.577863,-17.53675,66,9168,1,Fear,pretrained_ce_affinity
6.319807,7.969817,67,3289,3,Happiness,pretrained_ce_affinity
-3.4565582,-27.106012,68,12235,6,Neutral,pretrained_ce_affinity
-29.385653,-10.449398,70,6721,4,Sadness,pretrained_ce_affinity
-19.040035,11.019374,71,287,4,Sadness,pretrained_ce_affinity
44.255585,6.9189267,73,3253,3,Happiness,pretrained_ce_affinity
28.899393,5.4370456,75,546,3,Happiness,pretrained_ce_affinity
34.81991,-0.4525226,76,2892,3,Happiness,pretrained_ce_affinity
-9.857737,-13.724622,77,9987,6,Neutral,pretrained_ce_affinity
-33.57365,-12.177522,78,4161,4,Sadness,pretrained_ce_affinity
6.421171,-23.681477,79,10297,6,Neutral,pretrained_ce_affinity
-4.6761875,-18.626379,82,9972,6,Neutral,pretrained_ce_affinity
29.106054,1.9997174,87,2245,3,Happiness,pretrained_ce_affinity
-29.03775,-10.040946,88,6494,4,Sadness,pretrained_ce_affinity
4.0687118,-32.397694,89,12040,6,Neutral,pretrained_ce_affinity
-15.797514,-10.660782,90,10046,6,Neutral,pretrained_ce_affinity
-20.932026,-19.286072,93,6045,4,Sadness,pretrained_ce_affinity
-10.586937,-10.367855,94,9725,2,Disgust,pretrained_ce_affinity
-2.605294,-23.564142,95,11042,6,Neutral,pretrained_ce_affinity
-23.699745,15.951769,96,4833,0,Surprise,pretrained_ce_affinity
-33.640854,-2.179566,97,8242,4,Sadness,pretrained_ce_affinity
32.10075,8.630826,100,4164,3,Happiness,pretrained_ce_affinity
0.73749316,-29.795452,101,10835,6,Neutral,pretrained_ce_affinity
-17.369625,20.649364,102,9,0,Surprise,pretrained_ce_affinity
12.895166,2.2953713,104,1286,4,Sadness,pretrained_ce_affinity
40.612106,12.35776,105,3264,3,Happiness,pretrained_ce_affinity
7.2148876,-20.092152,107,11950,6,Neutral,pretrained_ce_affinity
41.411797,15.304871,109,939,3,Happiness,pretrained_ce_affinity
12.390588,-3.5382006,111,8736,5,Anger,pretrained_ce_affinity
-36.638924,-10.193721,112,2614,4,Sadness,pretrained_ce_affinity
39.378838,-5.7697315,118,6159,3,Happiness,pretrained_ce_affinity
27.225187,-0.6688545,119,4454,3,Happiness,pretrained_ce_affinity
46.574524,10.610185,121,3386,3,Happiness,pretrained_ce_affinity
-23.226067,17.060371,122,8065,0,Surprise,pretrained_ce_affinity
20.947279,6.3173556,123,8631,3,Happiness,pretrained_ce_affinity
-4.2258606,31.350458,124,6679,5,Anger,pretrained_ce_affinity
-34.213547,-1.6628872,125,4535,4,Sadness,pretrained_ce_affinity
-0.20315585,-13.8820915,126,10022,6,Neutral,pretrained_ce_affinity
-5.070886,-32.498737,127,11603,6,Neutral,pretrained_ce_affinity
-3.064913,30.144938,129,4389,5,Anger,pretrained_ce_affinity
-25.215437,29.20327,132,1144,0,Surprise,pretrained_ce_affinity
17.790327,17.623827,133,8276,3,Happiness,pretrained_ce_affinity
-33.217873,10.546814,134,9305,1,Fear,pretrained_ce_affinity
-33.61708,-8.425426,135,7326,4,Sadness,pretrained_ce_affinity
27.010303,5.048651,137,2003,3,Happiness,pretrained_ce_affinity
10.084882,-8.358626,138,11069,6,Neutral,pretrained_ce_affinity
30.92487,2.567837,139,2346,3,Happiness,pretrained_ce_affinity
-32.851154,-1.5917983,141,1250,4,Sadness,pretrained_ce_affinity
1.2561938,-33.576565,142,10101,6,Neutral,pretrained_ce_affinity
43.52322,11.483642,145,5605,3,Happiness,pretrained_ce_affinity
30.670238,8.72531,146,8070,3,Happiness,pretrained_ce_affinity
-29.950178,-11.808938,147,7314,4,Sadness,pretrained_ce_affinity
-3.8185043,-23.023155,148,11279,6,Neutral,pretrained_ce_affinity
38.183765,4.6313868,149,1660,3,Happiness,pretrained_ce_affinity
-36.87271,-7.6796217,152,8777,4,Sadness,pretrained_ce_affinity
18.815414,-0.9697246,154,5185,3,Happiness,pretrained_ce_affinity
33.517227,4.4123673,155,2181,3,Happiness,pretrained_ce_affinity
29.625988,-4.860481,156,2311,3,Happiness,pretrained_ce_affinity
36.18515,11.955137,158,6120,3,Happiness,pretrained_ce_affinity
20.57642,-3.2063525,161,8973,3,Happiness,pretrained_ce_affinity
35.829277,3.609512,162,1018,3,Happiness,pretrained_ce_affinity
-11.20942,-26.902102,163,11612,6,Neutral,pretrained_ce_affinity
7.6363435,-14.368588,164,11460,6,Neutral,pretrained_ce_affinity
-15.01614,-26.69077,165,11534,6,Neutral,pretrained_ce_affinity
-23.088501,-18.927912,166,8101,4,Sadness,pretrained_ce_affinity
25.685394,0.18524227,167,903,3,Happiness,pretrained_ce_affinity
47.710144,12.16536,168,3165,3,Happiness,pretrained_ce_affinity
-32.69812,-9.467608,169,2965,3,Happiness,pretrained_ce_affinity
13.126933,6.648996,170,4648,3,Happiness,pretrained_ce_affinity
-0.45774955,-30.885782,173,11246,6,Neutral,pretrained_ce_affinity
13.6888685,-3.2150896,174,1925,3,Happiness,pretrained_ce_affinity
41.084972,8.430131,175,1427,3,Happiness,pretrained_ce_affinity
33.886864,13.480437,176,6311,3,Happiness,pretrained_ce_affinity
-3.4705474,-15.30803,179,11878,6,Neutral,pretrained_ce_affinity
43.65407,6.430964,180,8568,3,Happiness,pretrained_ce_affinity
14.575552,5.1510606,181,3095,3,Happiness,pretrained_ce_affinity
-29.907309,-6.107725,184,8220,4,Sadness,pretrained_ce_affinity
-32.560402,-8.856676,185,6682,4,Sadness,pretrained_ce_affinity
-2.6774957,29.819214,187,8531,5,Anger,pretrained_ce_affinity
-6.286297,4.6515284,189,9572,2,Disgust,pretrained_ce_affinity
-12.3441515,-21.045216,190,11314,6,Neutral,pretrained_ce_affinity
10.179495,-5.8686953,192,8599,3,Happiness,pretrained_ce_affinity
-2.25631,-33.41327,193,9981,6,Neutral,pretrained_ce_affinity
-21.754562,-18.994347,195,4831,4,Sadness,pretrained_ce_affinity
1.533642,-17.513287,197,11901,6,Neutral,pretrained_ce_affinity
-32.063957,9.174999,198,6533,5,Anger,pretrained_ce_affinity
33.324654,11.154078,200,72,3,Happiness,pretrained_ce_affinity
-6.2481213,-29.669563,201,9930,6,Neutral,pretrained_ce_affinity
-23.586266,-0.4175568,203,7078,4,Sadness,pretrained_ce_affinity
30.41956,-6.230545,204,5063,3,Happiness,pretrained_ce_affinity
19.062923,14.468269,206,6125,3,Happiness,pretrained_ce_affinity
-18.181349,11.842693,208,8662,0,Surprise,pretrained_ce_affinity
3.4465945,-20.759043,209,5363,0,Surprise,pretrained_ce_affinity
15.3721695,14.357652,210,1597,2,Disgust,pretrained_ce_affinity
-9.321193,-22.83567,211,11176,6,Neutral,pretrained_ce_affinity
-22.727873,18.459345,214,7085,0,Surprise,pretrained_ce_affinity
21.235487,10.741809,215,3113,3,Happiness,pretrained_ce_affinity
0.88848037,-31.944946,217,11778,6,Neutral,pretrained_ce_affinity
-34.89104,9.654914,218,9298,1,Fear,pretrained_ce_affinity
-21.450745,19.21897,219,5300,0,Surprise,pretrained_ce_affinity
-15.998586,19.062536,222,5225,0,Surprise,pretrained_ce_affinity
-26.73115,15.585385,225,6384,0,Surprise,pretrained_ce_affinity
-37.481937,-10.271236,226,2963,4,Sadness,pretrained_ce_affinity
38.05987,14.939573,227,2025,3,Happiness,pretrained_ce_affinity
26.38394,7.444188,228,8388,3,Happiness,pretrained_ce_affinity
-21.079374,15.103244,230,2961,4,Sadness,pretrained_ce_affinity
-11.5750065,-14.178418,231,11043,6,Neutral,pretrained_ce_affinity
-38.2372,-12.119785,232,7788,4,Sadness,pretrained_ce_affinity
-35.813988,-8.452985,234,7976,4,Sadness,pretrained_ce_affinity
-30.210155,-13.764305,235,4360,4,Sadness,pretrained_ce_affinity
8.133906,-5.4056063,236,8291,3,Happiness,pretrained_ce_affinity
15.756091,14.271626,239,1128,3,Happiness,pretrained_ce_affinity
40.050503,0.5036208,240,2896,3,Happiness,pretrained_ce_affinity
-34.815876,9.658346,241,7372,1,Fear,pretrained_ce_affinity
-41.212593,-10.239378,242,5848,4,Sadness,pretrained_ce_affinity
-26.808636,-13.4428005,243,3734,4,Sadness,pretrained_ce_affinity
3.489187,-32.969494,244,11307,6,Neutral,pretrained_ce_affinity
-13.2131405,-14.527986,246,5377,4,Sadness,pretrained_ce_affinity
40.28006,5.304966,247,5558,3,Happiness,pretrained_ce_affinity
33.945557,-4.018594,248,3284,3,Happiness,pretrained_ce_affinity
27.116016,11.299304,249,8746,3,Happiness,pretrained_ce_affinity
-26.664812,27.784733,250,7726,0,Surprise,pretrained_ce_affinity
-38.681095,-5.380046,251,6902,4,Sadness,pretrained_ce_affinity
-25.054874,-17.829145,252,6676,4,Sadness,pretrained_ce_affinity
-12.5634365,13.913005,253,803,0,Surprise,pretrained_ce_affinity
28.431076,13.947253,255,3528,3,Happiness,pretrained_ce_affinity
-20.715769,-13.171583,256,6828,4,Sadness,pretrained_ce_affinity
2.5213366,-22.738405,257,10980,6,Neutral,pretrained_ce_affinity
9.025438,-7.105132,259,11459,6,Neutral,pretrained_ce_affinity
-13.59583,-14.012126,261,11766,6,Neutral,pretrained_ce_affinity
-24.224405,25.645111,266,7004,0,Surprise,pretrained_ce_affinity
-39.10685,-12.178938,267,1165,4,Sadness,pretrained_ce_affinity
-30.450712,9.873685,270,7309,5,Anger,pretrained_ce_affinity
-8.667078,-2.3986316,271,9738,2,Disgust,pretrained_ce_affinity
-21.502638,-14.201528,273,8038,4,Sadness,pretrained_ce_affinity
-22.44764,20.079576,276,2838,0,Surprise,pretrained_ce_affinity
-17.432257,-20.144531,279,8084,4,Sadness,pretrained_ce_affinity
-37.966343,-6.472408,280,3880,4,Sadness,pretrained_ce_affinity
29.394186,-0.48668337,281,3028,3,Happiness,pretrained_ce_affinity
-19.541973,14.164129,282,12221,6,Neutral,pretrained_ce_affinity
45.601948,13.30079,285,6013,3,Happiness,pretrained_ce_affinity
33.37688,0.108486064,288,7236,3,Happiness,pretrained_ce_affinity
43.046074,9.159801,291,1847,3,Happiness,pretrained_ce_affinity
34.704105,-8.22556,292,2216,3,Happiness,pretrained_ce_affinity
33.67809,1.1328276,293,2930,3,Happiness,pretrained_ce_affinity
-14.012761,18.726362,294,7435,0,Surprise,pretrained_ce_affinity
43.315376,-3.9207969,295,8807,3,Happiness,pretrained_ce_affinity
-17.848013,22.33328,297,11522,6,Neutral,pretrained_ce_affinity
16.502424,8.547949,298,9023,3,Happiness,pretrained_ce_affinity
40.45214,-5.6778154,299,255,3,Happiness,pretrained_ce_affinity
-9.804556,-26.559042,300,11844,6,Neutral,pretrained_ce_affinity
-31.185402,-18.21368,302,8047,4,Sadness,pretrained_ce_affinity
34.720108,-11.069191,303,1658,3,Happiness,pretrained_ce_affinity
34.72357,18.201162,304,5250,3,Happiness,pretrained_ce_affinity
32.611256,18.52528,305,4082,3,Happiness,pretrained_ce_affinity
37.26112,-3.0985563,307,2156,3,Happiness,pretrained_ce_affinity
-6.759647,-27.996891,308,9870,6,Neutral,pretrained_ce_affinity
31.616173,7.0242515,310,2809,3,Happiness,pretrained_ce_affinity
-14.858937,-27.013412,312,2759,4,Sadness,pretrained_ce_affinity
-9.778742,-1.9952418,313,9532,2,Disgust,pretrained_ce_affinity
-30.81835,9.158171,314,9160,1,Fear,pretrained_ce_affinity
35.783943,-2.0579956,315,1979,3,Happiness,pretrained_ce_affinity
28.850883,-4.4426584,317,2334,3,Happiness,pretrained_ce_affinity
-26.294436,27.58039,319,8492,0,Surprise,pretrained_ce_affinity
4.6838403,-27.123375,321,10315,6,Neutral,pretrained_ce_affinity
-15.4904785,20.31221,322,11997,6,Neutral,pretrained_ce_affinity
18.795525,10.877593,323,5962,3,Happiness,pretrained_ce_affinity
-22.485973,18.528097,325,5696,0,Surprise,pretrained_ce_affinity
11.492043,-7.502681,327,8726,3,Happiness,pretrained_ce_affinity
-2.4772274,-18.719946,328,10379,6,Neutral,pretrained_ce_affinity
-7.2072825,-1.1038718,330,3737,2,Disgust,pretrained_ce_affinity
-0.41416505,-26.980888,331,10850,6,Neutral,pretrained_ce_affinity
-23.75214,17.244797,332,8424,0,Surprise,pretrained_ce_affinity
-15.670772,-24.774712,333,10676,6,Neutral,pretrained_ce_affinity
18.63439,15.34815,336,503,3,Happiness,pretrained_ce_affinity
-22.60366,27.037342,338,5012,0,Surprise,pretrained_ce_affinity
-13.176521,0.6080907,339,9594,2,Disgust,pretrained_ce_affinity
32.359222,1.9603673,340,3463,3,Happiness,pretrained_ce_affinity
21.317495,-4.6506915,341,3179,3,Happiness,pretrained_ce_affinity
14.481502,8.916786,342,5669,3,Happiness,pretrained_ce_affinity
17.849754,16.425669,347,2918,3,Happiness,pretrained_ce_affinity
0.6633484,-26.475187,348,12038,6,Neutral,pretrained_ce_affinity
31.545511,-5.6589255,349,5256,3,Happiness,pretrained_ce_affinity
-32.63892,-10.3380785,351,8264,4,Sadness,pretrained_ce_affinity
-19.15941,21.085241,354,7902,0,Surprise,pretrained_ce_affinity
-0.7255289,31.904676,355,8723,5,Anger,pretrained_ce_affinity
-32.777004,-6.7314506,356,7993,4,Sadness,pretrained_ce_affinity
40.16,0.7027345,361,3077,3,Happiness,pretrained_ce_affinity
37.486034,2.0481095,362,1072,3,Happiness,pretrained_ce_affinity
32.095375,-10.375853,363,5374,3,Happiness,pretrained_ce_affinity
31.030952,18.460499,366,3904,3,Happiness,pretrained_ce_affinity
37.357807,12.259297,367,3114,3,Happiness,pretrained_ce_affinity
45.43802,14.15023,368,5283,3,Happiness,pretrained_ce_affinity
25.65198,20.82341,369,8079,3,Happiness,pretrained_ce_affinity
-28.535282,25.68477,371,7456,0,Surprise,pretrained_ce_affinity
27.691393,9.971159,375,394,3,Happiness,pretrained_ce_affinity
22.117403,20.127863,377,4952,3,Happiness,pretrained_ce_affinity
-36.608353,-7.5211487,378,4782,4,Sadness,pretrained_ce_affinity
6.7303505,-16.754686,379,11047,6,Neutral,pretrained_ce_affinity
-22.971369,28.657822,380,3119,0,Surprise,pretrained_ce_affinity
-4.478608,2.5707207,382,9595,2,Disgust,pretrained_ce_affinity
38.43059,12.185508,383,6213,3,Happiness,pretrained_ce_affinity
36.453026,5.844766,386,2080,3,Happiness,pretrained_ce_affinity
-17.841925,-12.00195,389,486,3,Happiness,pretrained_ce_affinity
42.221783,-1.2040633,395,1304,3,Happiness,pretrained_ce_affinity
-6.8456883,-13.312726,398,10356,6,Neutral,pretrained_ce_affinity
-15.125578,-7.918253,399,1393,4,Sadness,pretrained_ce_affinity
-13.888313,-12.409738,401,1585,4,Sadness,pretrained_ce_affinity
2.5742722,-27.83015,402,10341,6,Neutral,pretrained_ce_affinity
-2.3038368,-12.630817,405,11473,6,Neutral,pretrained_ce_affinity
-7.9223676,-30.1371,408,10968,6,Neutral,pretrained_ce_affinity
28.61272,11.397559,409,5685,3,Happiness,pretrained_ce_affinity
-24.917164,29.514505,410,340,0,Surprise,pretrained_ce_affinity
27.154476,-4.5086513,411,2947,3,Happiness,pretrained_ce_affinity
34.404644,16.275936,413,940,3,Happiness,pretrained_ce_affinity
29.197992,21.469406,414,9057,3,Happiness,pretrained_ce_affinity
-19.114197,-1.4275116,415,8765,2,Disgust,pretrained_ce_affinity
25.900349,13.17726,416,437,3,Happiness,pretrained_ce_affinity
15.673275,12.098741,420,8580,3,Happiness,pretrained_ce_affinity
47.36687,7.3695803,421,2807,3,Happiness,pretrained_ce_affinity
-41.02544,-10.578106,423,1730,4,Sadness,pretrained_ce_affinity
-24.183384,-14.922667,426,10206,6,Neutral,pretrained_ce_affinity
-6.43325,-24.798336,428,10917,6,Neutral,pretrained_ce_affinity
-25.310995,-6.1497416,429,9054,4,Sadness,pretrained_ce_affinity
22.47525,3.9440036,431,317,3,Happiness,pretrained_ce_affinity
-29.85002,-9.608626,433,7355,4,Sadness,pretrained_ce_affinity
19.051823,7.040043,434,7359,3,Happiness,pretrained_ce_affinity
25.784037,4.3901258,435,1864,3,Happiness,pretrained_ce_affinity
-2.6877294,-11.970944,436,12119,6,Neutral,pretrained_ce_affinity
39.44971,4.13548,439,1843,3,Happiness,pretrained_ce_affinity
45.11326,9.874874,440,380,3,Happiness,pretrained_ce_affinity
29.922644,16.29165,441,4795,3,Happiness,pretrained_ce_affinity
-19.351353,-2.7828863,443,3658,2,Disgust,pretrained_ce_affinity
25.719078,-5.176049,445,5349,3,Happiness,pretrained_ce_affinity
-3.526983,-10.602717,447,11617,6,Neutral,pretrained_ce_affinity
30.407858,5.7204986,448,1668,3,Happiness,pretrained_ce_affinity
-40.35191,-5.2696915,449,5101,4,Sadness,pretrained_ce_affinity
9.006629,3.2608783,450,5893,3,Happiness,pretrained_ce_affinity
35.113728,6.9071856,452,2952,3,Happiness,pretrained_ce_affinity
-16.913588,0.7615252,453,9516,2,Disgust,pretrained_ce_affinity
33.78808,-9.044818,454,5966,3,Happiness,pretrained_ce_affinity
-19.651861,0.61075765,456,751,4,Sadness,pretrained_ce_affinity
-20.15575,15.588223,457,7803,0,Surprise,pretrained_ce_affinity
26.305408,8.712334,459,3243,3,Happiness,pretrained_ce_affinity
16.473852,13.526911,460,8722,3,Happiness,pretrained_ce_affinity
-9.552655,-4.1389866,465,11492,6,Neutral,pretrained_ce_affinity
5.3323693,-19.43814,466,10509,6,Neutral,pretrained_ce_affinity
-1.1872452,28.012365,467,9621,2,Disgust,pretrained_ce_affinity
-28.064861,-11.623475,468,7692,4,Sadness,pretrained_ce_affinity
28.96102,3.2919614,469,7811,3,Happiness,pretrained_ce_affinity
16.366814,13.723053,470,3183,3,Happiness,pretrained_ce_affinity
0.69337463,-28.892279,472,9874,6,Neutral,pretrained_ce_affinity
-38.969048,-9.409811,474,4473,4,Sadness,pretrained_ce_affinity
-3.8643868,27.681427,475,3607,5,Anger,pretrained_ce_affinity
41.422108,1.5566341,476,9060,3,Happiness,pretrained_ce_affinity
26.527369,22.898914,478,197,3,Happiness,pretrained_ce_affinity
-18.843391,23.914389,479,3493,0,Surprise,pretrained_ce_affinity
-24.979618,27.973852,481,7344,0,Surprise,pretrained_ce_affinity
-29.189125,27.2527,482,2269,0,Surprise,pretrained_ce_affinity
-39.5263,-6.882565,483,5851,4,Sadness,pretrained_ce_affinity
24.033169,13.242456,484,3912,3,Happiness,pretrained_ce_affinity
-23.990652,13.9733095,488,6740,0,Surprise,pretrained_ce_affinity
43.56252,12.315817,489,3125,3,Happiness,pretrained_ce_affinity
7.571502,-15.111222,490,11944,6,Neutral,pretrained_ce_affinity
-23.55834,18.963108,491,1275,0,Surprise,pretrained_ce_affinity
-22.086233,28.125565,492,4462,0,Surprise,pretrained_ce_affinity
-37.662376,-5.4332795,495,5651,4,Sadness,pretrained_ce_affinity
-29.164001,16.548384,496,4228,0,Surprise,pretrained_ce_affinity
10.7443285,-4.7581286,500,7751,3,Happiness,pretrained_ce_affinity
6.333472,-14.07419,501,9902,6,Neutral,pretrained_ce_affinity
34.991,14.150965,502,4421,3,Happiness,pretrained_ce_affinity
-27.278101,15.84033,504,9381,1,Fear,pretrained_ce_affinity
24.200535,23.518944,505,2129,3,Happiness,pretrained_ce_affinity
37.47077,10.375991,508,4645,3,Happiness,pretrained_ce_affinity
19.662172,7.3189235,512,6153,3,Happiness,pretrained_ce_affinity
34.091076,14.659094,514,8372,3,Happiness,pretrained_ce_affinity
-1.6358864,-31.140135,515,10002,6,Neutral,pretrained_ce_affinity
-32.64531,11.390714,518,9382,1,Fear,pretrained_ce_affinity
24.450264,22.776926,519,2244,3,Happiness,pretrained_ce_affinity
-2.639491,33.994587,521,4925,5,Anger,pretrained_ce_affinity
-11.199837,-18.614935,522,5187,4,Sadness,pretrained_ce_affinity
35.529778,11.075622,524,7353,3,Happiness,pretrained_ce_affinity
-3.1390755,-21.890179,529,11075,6,Neutral,pretrained_ce_affinity
41.412766,2.5242836,531,1856,3,Happiness,pretrained_ce_affinity
5.894081,7.4100695,532,9447,2,Disgust,pretrained_ce_affinity
4.439354,-25.578815,533,11866,6,Neutral,pretrained_ce_affinity
42.002304,0.42490083,534,6305,3,Happiness,pretrained_ce_affinity
31.51408,-8.289833,537,4609,3,Happiness,pretrained_ce_affinity
-12.700075,-6.6307335,539,2884,2,Disgust,pretrained_ce_affinity
-3.042277,27.798216,540,6643,5,Anger,pretrained_ce_affinity
-6.301469,-15.604828,541,12223,6,Neutral,pretrained_ce_affinity
-27.377695,-17.638151,542,10744,6,Neutral,pretrained_ce_affinity
-9.400169,0.8388768,543,5997,2,Disgust,pretrained_ce_affinity
-16.40373,-5.674244,545,11071,6,Neutral,pretrained_ce_affinity
-13.368733,-20.693373,546,9996,6,Neutral,pretrained_ce_affinity
33.212784,9.764597,547,2650,3,Happiness,pretrained_ce_affinity
-4.4189787,-9.387978,548,11488,6,Neutral,pretrained_ce_affinity
-18.126984,-4.8642793,550,5672,2,Disgust,pretrained_ce_affinity
36.610195,11.194816,551,8675,3,Happiness,pretrained_ce_affinity
-30.977304,-14.353488,552,1416,4,Sadness,pretrained_ce_affinity
36.745785,-1.7991315,558,7396,3,Happiness,pretrained_ce_affinity
34.217503,10.232056,559,2610,3,Happiness,pretrained_ce_affinity
20.212193,0.81901926,561,5719,3,Happiness,pretrained_ce_affinity
-13.643472,-16.586178,562,11272,6,Neutral,pretrained_ce_affinity
32.769695,-10.293717,563,8490,3,Happiness,pretrained_ce_affinity
30.101254,-8.867095,564,5557,3,Happiness,pretrained_ce_affinity
25.219069,1.4557134,565,4173,3,Happiness,pretrained_ce_affinity
-3.2235096,-19.993605,567,11547,6,Neutral,pretrained_ce_affinity
26.98677,-3.0975015,568,7483,3,Happiness,pretrained_ce_affinity
-3.1739185,31.002245,569,2591,5,Anger,pretrained_ce_affinity
-24.667482,-5.6784525,570,557,4,Sadness,pretrained_ce_affinity
-23.256445,17.892996,572,71,0,Surprise,pretrained_ce_affinity
-21.670605,-16.212929,573,11506,6,Neutral,pretrained_ce_affinity
44.54829,-0.35389173,574,2273,3,Happiness,pretrained_ce_affinity
-4.5597434,-31.02451,575,12226,6,Neutral,pretrained_ce_affinity
-16.892847,-24.256115,576,9789,6,Neutral,pretrained_ce_affinity
-9.241409,-24.928926,581,11973,6,Neutral,pretrained_ce_affinity
47.174015,5.388218,582,6069,3,Happiness,pretrained_ce_affinity
36.256733,15.885,586,5384,3,Happiness,pretrained_ce_affinity
36.557896,17.301123,587,2497,3,Happiness,pretrained_ce_affinity
43.695156,0.46721825,590,3469,3,Happiness,pretrained_ce_affinity
31.534325,-4.3464246,594,7760,3,Happiness,pretrained_ce_affinity
35.535202,12.807312,597,1074,3,Happiness,pretrained_ce_affinity
-1.6135145,-19.169878,598,10123,6,Neutral,pretrained_ce_affinity
-19.052689,-7.826709,600,12123,6,Neutral,pretrained_ce_affinity
-3.1665618,31.462925,603,7619,5,Anger,pretrained_ce_affinity
-23.207848,-0.7140316,604,1622,4,Sadness,pretrained_ce_affinity
-26.161873,24.88708,605,1491,0,Surprise,pretrained_ce_affinity
-19.668282,-15.480622,607,11611,6,Neutral,pretrained_ce_affinity
-20.169119,14.956724,609,6134,0,Surprise,pretrained_ce_affinity
31.145279,-8.265478,610,9081,3,Happiness,pretrained_ce_affinity
5.353306,-30.843903,611,10255,6,Neutral,pretrained_ce_affinity
-9.240782,-2.7840695,613,3838,2,Disgust,pretrained_ce_affinity
6.5579863,-23.939259,616,11752,6,Neutral,pretrained_ce_affinity
13.844589,14.685758,618,966,2,Disgust,pretrained_ce_affinity
4.993678,-21.370821,619,10831,6,Neutral,pretrained_ce_affinity
-2.256036,-14.910723,620,11771,6,Neutral,pretrained_ce_affinity
1.90893,-32.56531,622,10380,6,Neutral,pretrained_ce_affinity
-23.955585,-17.943695,623,6629,4,Sadness,pretrained_ce_affinity
-25.635416,-3.3616054,626,6148,4,Sadness,pretrained_ce_affinity
21.290874,-4.8992715,627,6439,3,Happiness,pretrained_ce_affinity
-13.667041,-13.491614,628,5520,4,Sadness,pretrained_ce_affinity
-15.324604,-23.554495,630,12213,6,Neutral,pretrained_ce_affinity
-21.54118,-19.863472,631,6866,4,Sadness,pretrained_ce_affinity
-13.967152,-17.231585,635,7442,4,Sadness,pretrained_ce_affinity
4.3359203,7.576216,639,5843,2,Disgust,pretrained_ce_affinity
32.405224,20.5502,640,7124,3,Happiness,pretrained_ce_affinity
25.658037,-6.001859,643,8627,3,Happiness,pretrained_ce_affinity
-13.640183,-18.417677,644,11266,6,Neutral,pretrained_ce_affinity
22.338135,22.91265,645,7580,3,Happiness,pretrained_ce_affinity
38.94442,-2.4088795,647,2945,3,Happiness,pretrained_ce_affinity
17.192038,3.6453683,648,1556,3,Happiness,pretrained_ce_affinity
-4.341169,25.96736,651,2754,5,Anger,pretrained_ce_affinity
-0.21037216,-32.85025,654,11228,6,Neutral,pretrained_ce_affinity
-34.04368,-9.168018,655,2482,4,Sadness,pretrained_ce_affinity
7.334888,-18.395706,656,10563,6,Neutral,pretrained_ce_affinity
-12.490272,-5.4729986,657,3897,2,Disgust,pretrained_ce_affinity
-27.301464,-3.5769768,658,3827,4,Sadness,pretrained_ce_affinity
19.453814,15.438777,659,5132,3,Happiness,pretrained_ce_affinity
-28.49398,-18.825525,661,4640,4,Sadness,pretrained_ce_affinity
-26.052414,21.652466,663,752,0,Surprise,pretrained_ce_affinity
-29.831364,-11.714026,664,4341,4,Sadness,pretrained_ce_affinity
-25.283995,15.818618,667,1645,0,Surprise,pretrained_ce_affinity
30.60541,11.75923,668,8921,3,Happiness,pretrained_ce_affinity
-13.308144,-15.464477,669,10611,6,Neutral,pretrained_ce_affinity
32.3515,9.822251,670,2354,3,Happiness,pretrained_ce_affinity
-6.442756,3.8007333,671,1066,5,Anger,pretrained_ce_affinity
20.470356,3.607477,672,3193,3,Happiness,pretrained_ce_affinity
-31.510807,-15.513552,673,6937,4,Sadness,pretrained_ce_affinity
-5.6202903,-1.9170933,674,9436,2,Disgust,pretrained_ce_affinity
-14.457646,-0.9588116,675,4534,4,Sadness,pretrained_ce_affinity
-22.507187,-18.04551,678,3504,4,Sadness,pretrained_ce_affinity
-15.417711,-10.582789,682,9440,2,Disgust,pretrained_ce_affinity
2.095717,-23.328218,684,11905,6,Neutral,pretrained_ce_affinity
-31.983948,-14.408108,687,9053,4,Sadness,pretrained_ce_affinity
24.040926,4.4678993,690,3325,3,Happiness,pretrained_ce_affinity
27.64908,6.7742453,691,1615,3,Happiness,pretrained_ce_affinity
11.583699,-7.3783655,692,12266,6,Neutral,pretrained_ce_affinity
-34.80199,-3.1376493,697,660,4,Sadness,pretrained_ce_affinity
-20.074062,-6.5489836,698,5333,2,Disgust,pretrained_ce_affinity
46.105347,2.1127634,699,2287,3,Happiness,pretrained_ce_affinity
-14.484869,-23.87034,700,3882,4,Sadness,pretrained_ce_affinity
34.882183,16.589443,701,4172,3,Happiness,pretrained_ce_affinity
-30.640789,13.599054,702,9272,1,Fear,pretrained_ce_affinity
38.12316,6.292339,704,1534,3,Happiness,pretrained_ce_affinity
-29.04621,23.401001,705,180,0,Surprise,pretrained_ce_affinity
-27.482471,21.150324,710,1781,0,Surprise,pretrained_ce_affinity
10.133205,-7.77483,711,3950,3,Happiness,pretrained_ce_affinity
-1.1923085,-17.4277,712,11495,6,Neutral,pretrained_ce_affinity
-20.464544,23.541317,713,6033,0,Surprise,pretrained_ce_affinity
-9.163356,-26.864166,714,10857,6,Neutral,pretrained_ce_affinity
32.19561,3.9086423,715,3296,3,Happiness,pretrained_ce_affinity
1.2821577,-27.16867,716,11448,6,Neutral,pretrained_ce_affinity
39.603558,12.94229,717,6547,3,Happiness,pretrained_ce_affinity
-23.639418,27.746386,718,5083,0,Surprise,pretrained_ce_affinity
-34.186195,-10.255247,721,8729,4,Sadness,pretrained_ce_affinity
-38.68596,-13.397266,722,3621,4,Sadness,pretrained_ce_affinity
-27.710491,-6.3790803,724,4707,4,Sadness,pretrained_ce_affinity
-7.1727614,-19.74723,726,10316,6,Neutral,pretrained_ce_affinity
33.645157,9.090377,727,5002,3,Happiness,pretrained_ce_affinity
-27.110687,-16.077192,731,8796,4,Sadness,pretrained_ce_affinity
-14.722444,1.6157329,732,9697,2,Disgust,pretrained_ce_affinity
39.19507,-6.7754154,734,8385,3,Happiness,pretrained_ce_affinity
10.3221445,-14.921055,735,11746,6,Neutral,pretrained_ce_affinity
-28.413925,-17.147882,737,3233,4,Sadness,pretrained_ce_affinity
-5.5062275,-30.881994,738,10664,6,Neutral,pretrained_ce_affinity
-29.668325,19.708744,741,1758,0,Surprise,pretrained_ce_affinity
39.36459,2.2708683,744,6822,3,Happiness,pretrained_ce_affinity
-7.882796,-18.179852,745,10712,6,Neutral,pretrained_ce_affinity
-18.597588,14.115905,746,12131,6,Neutral,pretrained_ce_affinity
-3.0372581,32.7493,747,6929,5,Anger,pretrained_ce_affinity
-21.193565,15.588927,748,5689,0,Surprise,pretrained_ce_affinity
-38.27845,-7.4581566,750,808,4,Sadness,pretrained_ce_affinity
34.99206,0.40680313,751,2431,3,Happiness,pretrained_ce_affinity
-42.5683,-10.428689,752,4135,4,Sadness,pretrained_ce_affinity
-13.9151745,12.430886,754,11872,6,Neutral,pretrained_ce_affinity
0.036562216,33.067654,755,6425,5,Anger,pretrained_ce_affinity
-16.084864,18.778698,757,1565,0,Surprise,pretrained_ce_affinity
-1.736294,-28.413174,758,10874,6,Neutral,pretrained_ce_affinity
8.733717,-16.230085,759,5285,3,Happiness,pretrained_ce_affinity
42.653904,13.501816,763,1205,3,Happiness,pretrained_ce_affinity
-15.439626,-2.0620096,764,9538,2,Disgust,pretrained_ce_affinity
41.837124,10.421585,766,5716,3,Happiness,pretrained_ce_affinity
-7.5881343,-24.240234,769,11031,6,Neutral,pretrained_ce_affinity
7.4021993,-6.8562465,770,10827,6,Neutral,pretrained_ce_affinity
-8.935447,-18.573156,774,11456,6,Neutral,pretrained_ce_affinity
23.081776,7.8552294,775,445,3,Happiness,pretrained_ce_affinity
-15.364288,19.37276,776,10092,6,Neutral,pretrained_ce_affinity
-21.627964,-5.225057,777,2250,2,Disgust,pretrained_ce_affinity
23.675121,0.44706073,778,1938,3,Happiness,pretrained_ce_affinity
-3.2610154,-22.728048,779,11397,6,Neutral,pretrained_ce_affinity
28.253979,15.46948,780,5519,3,Happiness,pretrained_ce_affinity
-6.2231374,-23.459696,783,10964,6,Neutral,pretrained_ce_affinity
2.5969377,-13.141681,784,5604,3,Happiness,pretrained_ce_affinity
30.980679,18.012733,786,7858,3,Happiness,pretrained_ce_affinity
-13.029436,-17.713388,787,656,4,Sadness,pretrained_ce_affinity
-20.924763,-6.0480976,788,4932,4,Sadness,pretrained_ce_affinity
42.412273,4.700826,792,2658,3,Happiness,pretrained_ce_affinity
42.68841,8.682502,793,1884,3,Happiness,pretrained_ce_affinity
-7.937229,-20.597033,795,10696,6,Neutral,pretrained_ce_affinity
19.132647,13.857163,796,1981,3,Happiness,pretrained_ce_affinity
45.735695,6.6622276,799,3343,3,Happiness,pretrained_ce_affinity
-5.566065,-8.746625,800,10804,6,Neutral,pretrained_ce_affinity
-1.3580016,-20.242994,801,10931,6,Neutral,pretrained_ce_affinity
45.618122,7.7411165,803,4497,3,Happiness,pretrained_ce_affinity
39.02524,-0.8562312,804,2088,3,Happiness,pretrained_ce_affinity
-20.1724,-17.175615,805,7597,3,Happiness,pretrained_ce_affinity
31.406746,8.634638,808,688,3,Happiness,pretrained_ce_affinity
-21.052132,-17.654263,809,4580,4,Sadness,pretrained_ce_affinity
-1.9840834,-18.579641,810,11899,6,Neutral,pretrained_ce_affinity
44.803787,-1.7532232,813,848,3,Happiness,pretrained_ce_affinity
5.7001405,-7.613438,814,11088,6,Neutral,pretrained_ce_affinity
-16.729261,-18.203695,815,9696,2,Disgust,pretrained_ce_affinity
-8.187253,-12.829262,816,10480,6,Neutral,pretrained_ce_affinity
-14.521931,-21.271322,817,12248,6,Neutral,pretrained_ce_affinity
24.409136,24.828583,818,3014,3,Happiness,pretrained_ce_affinity
-5.766779,-30.562778,820,8418,4,Sadness,pretrained_ce_affinity
-4.630354,-17.012476,822,10456,6,Neutral,pretrained_ce_affinity
20.497871,-3.5000958,825,8097,3,Happiness,pretrained_ce_affinity
33.2398,-2.1817582,826,1137,3,Happiness,pretrained_ce_affinity
45.5465,11.606733,827,3088,3,Happiness,pretrained_ce_affinity
-26.685505,-11.299237,829,6283,3,Happiness,pretrained_ce_affinity
6.1625767,-26.376955,830,10602,6,Neutral,pretrained_ce_affinity
4.8013773,-5.6576667,832,4387,0,Surprise,pretrained_ce_affinity
33.22684,12.30098,833,2071,3,Happiness,pretrained_ce_affinity
24.51055,22.585943,835,7911,3,Happiness,pretrained_ce_affinity
-4.1772175,29.041191,836,3782,5,Anger,pretrained_ce_affinity
-4.3140616,24.371582,838,6793,5,Anger,pretrained_ce_affinity
-7.016414,-30.861275,839,11714,6,Neutral,pretrained_ce_affinity
-7.285485,-28.7391,841,8440,4,Sadness,pretrained_ce_affinity
9.025358,-4.9802847,842,825,2,Disgust,pretrained_ce_affinity
-24.888252,-4.775599,844,7092,4,Sadness,pretrained_ce_affinity
-0.4795665,-25.750921,848,10368,6,Neutral,pretrained_ce_affinity
35.588802,-10.055246,851,244,3,Happiness,pretrained_ce_affinity
43.167465,17.479635,852,5802,3,Happiness,pretrained_ce_affinity
-23.5868,-19.748247,855,4230,4,Sadness,pretrained_ce_affinity
44.217815,6.379895,856,2275,3,Happiness,pretrained_ce_affinity
-9.238621,-0.44958767,857,7294,5,Anger,pretrained_ce_affinity
30.834505,10.609697,860,873,3,Happiness,pretrained_ce_affinity
28.217184,13.9087925,861,3061,3,Happiness,pretrained_ce_affinity
-38.04225,-9.935764,862,8293,4,Sadness,pretrained_ce_affinity
35.692116,3.5161798,863,2744,3,Happiness,pretrained_ce_affinity
12.714969,-3.2486374,864,3358,3,Happiness,pretrained_ce_affinity
31.885063,13.825712,865,2013,3,Happiness,pretrained_ce_affinity
-8.28483,-12.228044,866,9608,2,Disgust,pretrained_ce_affinity
4.6256995,-4.7863955,867,8660,4,Sadness,pretrained_ce_affinity
-34.072273,-0.16296476,869,4007,0,Surprise,pretrained_ce_affinity
31.99349,11.151089,872,3159,3,Happiness,pretrained_ce_affinity
-26.079851,-6.0313654,874,5149,4,Sadness,pretrained_ce_affinity
-0.04543868,-22.27298,875,5650,2,Disgust,pretrained_ce_affinity
-34.30608,-11.431705,877,8435,4,Sadness,pretrained_ce_affinity
36.479706,0.14515063,878,1184,3,Happiness,pretrained_ce_affinity
-14.418905,16.501875,883,11549,6,Neutral,pretrained_ce_affinity
-16.894423,-2.3703916,884,9541,2,Disgust,pretrained_ce_affinity
-0.46663406,-28.285133,885,12008,6,Neutral,pretrained_ce_affinity
33.513985,17.556843,886,2446,3,Happiness,pretrained_ce_affinity
-14.435296,-13.16736,887,11118,6,Neutral,pretrained_ce_affinity
23.248335,-3.820047,888,2741,3,Happiness,pretrained_ce_affinity
45.23629,9.644542,889,6896,3,Happiness,pretrained_ce_affinity
-2.3508759,29.042488,891,767,5,Anger,pretrained_ce_affinity
-2.3117013,28.03697,893,9213,1,Fear,pretrained_ce_affinity
-34.182384,-7.904882,894,616,4,Sadness,pretrained_ce_affinity
-16.988853,-5.7128954,896,11515,6,Neutral,pretrained_ce_affinity
41.902733,6.10803,898,6440,3,Happiness,pretrained_ce_affinity
30.467407,19.04703,899,1703,3,Happiness,pretrained_ce_affinity
-1.3479431,34.41411,900,595,5,Anger,pretrained_ce_affinity
-14.129949,17.454477,902,6243,0,Surprise,pretrained_ce_affinity
1.5084866,-24.75468,904,11050,6,Neutral,pretrained_ce_affinity
-28.307695,-9.872437,908,7245,4,Sadness,pretrained_ce_affinity
-35.509697,-3.1883056,911,138,4,Sadness,pretrained_ce_affinity
-0.0669623,-14.949475,912,10084,6,Neutral,pretrained_ce_affinity
1.6554643,-34.477795,914,11935,6,Neutral,pretrained_ce_affinity
-22.01832,14.574791,915,4446,0,Surprise,pretrained_ce_affinity
-4.206787,-27.44601,916,11788,6,Neutral,pretrained_ce_affinity
-22.761688,24.693502,917,5379,0,Surprise,pretrained_ce_affinity
6.0700955,-23.57048,918,10772,6,Neutral,pretrained_ce_affinity
-16.448652,-10.794814,919,8456,4,Sadness,pretrained_ce_affinity
-17.112522,-6.509383,920,12012,6,Neutral,pretrained_ce_affinity
-19.480124,14.452029,922,8073,0,Surprise,pretrained_ce_affinity
41.878254,12.056203,923,2956,3,Happiness,pretrained_ce_affinity
44.806473,0.09616132,924,2649,3,Happiness,pretrained_ce_affinity
5.4335485,-20.103148,926,11072,6,Neutral,pretrained_ce_affinity
35.753433,-0.5202857,927,2193,3,Happiness,pretrained_ce_affinity
26.249641,0.87495875,928,6850,3,Happiness,pretrained_ce_affinity
-22.783283,26.110569,929,2329,0,Surprise,pretrained_ce_affinity
37.060696,16.937172,931,4851,3,Happiness,pretrained_ce_affinity
-13.616764,-9.078496,932,11758,6,Neutral,pretrained_ce_affinity
18.01186,12.595784,934,442,3,Happiness,pretrained_ce_affinity
0.1267384,-29.197216,935,10232,6,Neutral,pretrained_ce_affinity
-3.3824663,30.540485,936,94,5,Anger,pretrained_ce_affinity
39.317913,9.217301,938,1912,3,Happiness,pretrained_ce_affinity
9.653913,9.2258215,941,895,3,Happiness,pretrained_ce_affinity
24.654486,21.115805,942,6351,3,Happiness,pretrained_ce_affinity
3.188553,-24.086962,943,11583,6,Neutral,pretrained_ce_affinity
-14.185109,-18.783772,944,3706,4,Sadness,pretrained_ce_affinity
-20.877369,-15.090988,945,7043,4,Sadness,pretrained_ce_affinity
41.583263,10.611651,947,5099,3,Happiness,pretrained_ce_affinity
-27.183086,-18.850399,949,5467,4,Sadness,pretrained_ce_affinity
-1.9677955,-11.899198,950,9875,6,Neutral,pretrained_ce_affinity
-0.86965376,-23.219357,951,11859,6,Neutral,pretrained_ce_affinity
-26.316658,27.291574,955,4698,0,Surprise,pretrained_ce_affinity
-7.1509514,-9.355899,957,11270,6,Neutral,pretrained_ce_affinity
-19.630741,12.023096,960,12013,6,Neutral,pretrained_ce_affinity
-26.048605,0.543945,964,8556,5,Anger,pretrained_ce_affinity
-22.743288,25.407087,967,238,0,Surprise,pretrained_ce_affinity
22.933077,-6.219651,969,875,3,Happiness,pretrained_ce_affinity
-9.006329,-16.7115,971,8025,4,Sadness,pretrained_ce_affinity
23.011894,23.640514,974,5412,3,Happiness,pretrained_ce_affinity
17.86883,-0.0777016,976,8129,3,Happiness,pretrained_ce_affinity
15.8894825,16.39105,977,4494,3,Happiness,pretrained_ce_affinity
-22.783262,22.54501,978,8630,0,Surprise,pretrained_ce_affinity
-8.093504,-8.593436,981,7469,2,Disgust,pretrained_ce_affinity
-17.103138,-0.9697401,982,3029,4,Sadness,pretrained_ce_affinity
26.282091,10.465821,983,5104,3,Happiness,pretrained_ce_affinity
1.7985978,-28.814693,985,10758,6,Neutral,pretrained_ce_affinity
17.331926,6.3259063,986,2633,3,Happiness,pretrained_ce_affinity
-0.83200777,-15.116093,987,11624,6,Neutral,pretrained_ce_affinity
20.96707,0.67717725,988,5648,3,Happiness,pretrained_ce_affinity
-5.8316426,-20.6898,989,11500,6,Neutral,pretrained_ce_affinity
-19.775997,-23.896975,990,5504,4,Sadness,pretrained_ce_affinity
-18.695597,12.183181,991,9755,6,Neutral,pretrained_ce_affinity
-23.71444,29.787601,992,7462,0,Surprise,pretrained_ce_affinity
12.733702,11.241738,993,1767,3,Happiness,pretrained_ce_affinity
40.162354,-6.7744346,995,6230,3,Happiness,pretrained_ce_affinity
-20.300137,5.1611304,996,1170,0,Surprise,pretrained_ce_affinity
32.804054,21.917603,997,1514,3,Happiness,pretrained_ce_affinity
48.03664,13.447857,999,3693,3,Happiness,pretrained_ce_affinity
-31.3498,-11.247774,1003,8732,4,Sadness,pretrained_ce_affinity
9.063791,-6.2805023,1004,5045,3,Happiness,pretrained_ce_affinity
44.729538,15.677991,1005,6248,3,Happiness,pretrained_ce_affinity
5.9736524,-17.373993,1007,12104,6,Neutral,pretrained_ce_affinity
33.32798,-2.7159152,1008,2208,3,Happiness,pretrained_ce_affinity
0.64895976,30.552599,1009,4915,5,Anger,pretrained_ce_affinity
29.194828,14.749926,1010,8161,3,Happiness,pretrained_ce_affinity
-10.776298,-3.250472,1012,8318,2,Disgust,pretrained_ce_affinity
-23.826296,-2.6440663,1013,9664,2,Disgust,pretrained_ce_affinity
20.145626,12.097067,1014,707,3,Happiness,pretrained_ce_affinity
-27.459608,-7.707812,1015,7389,4,Sadness,pretrained_ce_affinity
31.472527,9.906796,1016,6620,3,Happiness,pretrained_ce_affinity
-2.3185606,-25.172466,1017,12151,6,Neutral,pretrained_ce_affinity
-37.061035,-11.584752,1018,1795,4,Sadness,pretrained_ce_affinity
31.895103,-0.5177489,1019,455,3,Happiness,pretrained_ce_affinity
16.947472,10.981833,1020,7272,3,Happiness,pretrained_ce_affinity
34.34875,-9.548203,1021,8148,3,Happiness,pretrained_ce_affinity
-31.038025,-0.26839203,1024,1156,1,Fear,pretrained_ce_affinity
-18.20648,-6.723902,1026,9517,2,Disgust,pretrained_ce_affinity
4.1605763,-34.471405,1027,11694,6,Neutral,pretrained_ce_affinity
-33.83765,-11.842239,1032,9094,3,Happiness,pretrained_ce_affinity
27.573267,6.213053,1035,2697,3,Happiness,pretrained_ce_affinity
-26.929928,-4.3977485,1037,5971,4,Sadness,pretrained_ce_affinity
-22.478897,-5.459656,1038,8290,3,Happiness,pretrained_ce_affinity
34.531506,-2.0574052,1039,1807,3,Happiness,pretrained_ce_affinity
23.863216,2.563456,1041,8731,3,Happiness,pretrained_ce_affinity
27.999651,1.966341,1042,8567,3,Happiness,pretrained_ce_affinity
1.4431446,-14.231083,1043,9872,6,Neutral,pretrained_ce_affinity
0.59803104,-29.81442,1044,11675,6,Neutral,pretrained_ce_affinity
30.72144,7.7007284,1045,7827,3,Happiness,pretrained_ce_affinity
12.660368,-6.5601077,1046,3065,3,Happiness,pretrained_ce_affinity
-12.677557,13.615157,1047,7832,3,Happiness,pretrained_ce_affinity
36.55177,16.994442,1050,2026,3,Happiness,pretrained_ce_affinity
-10.327492,-16.997679,1051,12064,6,Neutral,pretrained_ce_affinity
-26.026833,-17.11248,1054,6056,4,Sadness,pretrained_ce_affinity
-4.6935287,-5.015133,1055,8815,2,Disgust,pretrained_ce_affinity
-20.641844,-16.10077,1056,6039,4,Sadness,pretrained_ce_affinity
9.846013,-13.942487,1058,10483,6,Neutral,pretrained_ce_affinity
-24.894518,19.484194,1061,3641,0,Surprise,pretrained_ce_affinity
-14.5463705,16.271423,1062,9254,1,Fear,pretrained_ce_affinity
15.797521,10.464391,1063,916,3,Happiness,pretrained_ce_affinity
-34.02421,-0.14653441,1065,1312,2,Disgust,pretrained_ce_affinity
22.81666,13.554941,1066,6581,3,Happiness,pretrained_ce_affinity
32.773743,4.624449,1067,5834,3,Happiness,pretrained_ce_affinity
-27.827423,27.560726,1069,5954,0,Surprise,pretrained_ce_affinity
0.11828109,-23.359127,1071,11280,6,Neutral,pretrained_ce_affinity
46.15481,14.810999,1072,5369,3,Happiness,pretrained_ce_affinity
34.795696,7.1189137,1073,5035,3,Happiness,pretrained_ce_affinity
39.493538,9.613392,1077,4987,3,Happiness,pretrained_ce_affinity
13.211078,-2.7738478,1080,8049,3,Happiness,pretrained_ce_affinity
-4.652249,24.787207,1082,7340,5,Anger,pretrained_ce_affinity
30.002865,11.520682,1084,3208,3,Happiness,pretrained_ce_affinity
-11.966665,-23.86612,1085,11497,6,Neutral,pretrained_ce_affinity
-40.050404,-7.098771,1088,5901,4,Sadness,pretrained_ce_affinity
6.0557017,-23.571495,1089,11704,6,Neutral,pretrained_ce_affinity
-29.737501,23.78452,1091,6720,0,Surprise,pretrained_ce_affinity
16.81793,6.2783914,1094,3022,3,Happiness,pretrained_ce_affinity
-30.158302,-15.014736,1097,1430,4,Sadness,pretrained_ce_affinity
21.316956,9.701038,1098,6116,3,Happiness,pretrained_ce_affinity
25.77542,9.7127905,1100,1363,3,Happiness,pretrained_ce_affinity
-0.60747397,-15.606438,1101,7065,2,Disgust,pretrained_ce_affinity
29.682447,10.099912,1102,3551,3,Happiness,pretrained_ce_affinity
44.755314,15.728874,1104,6251,3,Happiness,pretrained_ce_affinity
-9.342737,-12.35948,1105,8471,2,Disgust,pretrained_ce_affinity
21.181568,8.340729,1107,1797,3,Happiness,pretrained_ce_affinity
28.33226,-9.894418,1110,2502,3,Happiness,pretrained_ce_affinity
-7.674736,-1.464838,1112,3330,2,Disgust,pretrained_ce_affinity
-21.548979,16.089924,1114,5846,0,Surprise,pretrained_ce_affinity
5.97036,-20.974579,1115,11712,6,Neutral,pretrained_ce_affinity
-25.093578,20.117163,1116,4443,0,Surprise,pretrained_ce_affinity
-27.201801,-16.488943,1117,10705,6,Neutral,pretrained_ce_affinity
-1.5212721,32.01634,1119,8498,5,Anger,pretrained_ce_affinity
-20.959955,23.05985,1120,7648,0,Surprise,pretrained_ce_affinity
-22.11344,-15.090176,1122,1409,2,Disgust,pretrained_ce_affinity
17.578249,8.166281,1123,2536,3,Happiness,pretrained_ce_affinity
-1.6808528,28.137037,1128,5531,5,Anger,pretrained_ce_affinity
-28.711071,26.746597,1129,2126,0,Surprise,pretrained_ce_affinity
-5.2447286,-17.564165,1130,10846,6,Neutral,pretrained_ce_affinity
27.61322,22.443628,1131,872,3,Happiness,pretrained_ce_affinity
-12.046227,-16.464365,1132,10751,6,Neutral,pretrained_ce_affinity
8.7389555,-19.179739,1133,10300,6,Neutral,pretrained_ce_affinity
-23.211397,27.238537,1134,6647,0,Surprise,pretrained_ce_affinity
14.070137,-3.083767,1135,2524,3,Happiness,pretrained_ce_affinity
-39.926952,-11.2572365,1136,4103,4,Sadness,pretrained_ce_affinity
-21.500795,-12.490014,1138,4217,4,Sadness,pretrained_ce_affinity
7.2566247,-22.772635,1139,12053,6,Neutral,pretrained_ce_affinity
27.750687,-3.7802541,1143,8370,3,Happiness,pretrained_ce_affinity
-21.491392,-11.225898,1144,7741,4,Sadness,pretrained_ce_affinity
33.92723,-2.6767302,1145,1879,3,Happiness,pretrained_ce_affinity
44.1271,1.6339911,1146,2451,3,Happiness,pretrained_ce_affinity
-29.178972,28.976816,1147,6089,0,Surprise,pretrained_ce_affinity
20.456366,3.5572758,1148,6015,3,Happiness,pretrained_ce_affinity
38.87663,-5.5843916,1149,1174,3,Happiness,pretrained_ce_affinity
13.062784,3.976668,1151,3994,4,Sadness,pretrained_ce_affinity
-5.401631,-8.16789,1153,9714,2,Disgust,pretrained_ce_affinity
-30.797007,-9.945845,1155,1875,4,Sadness,pretrained_ce_affinity
0.76992077,-31.729532,1156,12180,6,Neutral,pretrained_ce_affinity
-21.751358,-16.16729,1157,8039,3,Happiness,pretrained_ce_affinity
-34.03284,9.779016,1158,9316,1,Fear,pretrained_ce_affinity
-18.708473,-0.47212464,1161,62,2,Disgust,pretrained_ce_affinity
-41.19939,-9.494303,1163,5913,4,Sadness,pretrained_ce_affinity
11.929152,1.9943084,1164,733,3,Happiness,pretrained_ce_affinity
25.9112,21.97081,1165,1739,3,Happiness,pretrained_ce_affinity
-20.842306,17.614708,1167,1429,4,Sadness,pretrained_ce_affinity
-30.034798,25.26765,1168,4767,0,Surprise,pretrained_ce_affinity
-25.275318,17.071238,1170,7158,0,Surprise,pretrained_ce_affinity
6.031835,-6.5842366,1171,739,4,Sadness,pretrained_ce_affinity
-32.164585,10.302851,1174,9325,1,Fear,pretrained_ce_affinity
-3.4017625,32.96436,1175,1317,5,Anger,pretrained_ce_affinity
-25.295506,-5.2378616,1176,8452,4,Sadness,pretrained_ce_affinity
-20.30315,-18.280302,1177,11700,6,Neutral,pretrained_ce_affinity
46.446728,12.159825,1180,4246,3,Happiness,pretrained_ce_affinity
28.655127,-1.7572504,1181,5291,3,Happiness,pretrained_ce_affinity
10.809339,-4.0890245,1182,6897,3,Happiness,pretrained_ce_affinity
-19.701368,21.076092,1183,583,0,Surprise,pretrained_ce_affinity
-7.9253325,-12.621882,1186,9137,4,Sadness,pretrained_ce_affinity
-3.9472406,2.0582519,1187,6335,5,Anger,pretrained_ce_affinity
24.875547,6.8592815,1190,2172,3,Happiness,pretrained_ce_affinity
-20.979963,23.498997,1191,7347,0,Surprise,pretrained_ce_affinity
-12.628327,-19.475765,1193,10774,6,Neutral,pretrained_ce_affinity
-21.33806,23.3668,1194,4679,0,Surprise,pretrained_ce_affinity
-35.96403,-10.156752,1195,978,4,Sadness,pretrained_ce_affinity
10.909198,8.79293,1198,7981,3,Happiness,pretrained_ce_affinity
20.357327,16.453672,1199,9639,2,Disgust,pretrained_ce_affinity
23.764715,10.470358,1202,1520,3,Happiness,pretrained_ce_affinity
-26.929224,-4.2880507,1203,1110,4,Sadness,pretrained_ce_affinity
8.860454,-16.978943,1204,11818,6,Neutral,pretrained_ce_affinity
-13.730583,-19.092913,1205,11344,6,Neutral,pretrained_ce_affinity
-18.376047,-21.851408,1208,6984,4,Sadness,pretrained_ce_affinity
30.836962,-9.167013,1210,477,3,Happiness,pretrained_ce_affinity
9.069498,-17.655153,1211,10437,6,Neutral,pretrained_ce_affinity
0.10894021,-19.896015,1212,10635,6,Neutral,pretrained_ce_affinity
-24.54941,30.797289,1213,2239,0,Surprise,pretrained_ce_affinity
32.4698,22.622732,1214,581,3,Happiness,pretrained_ce_affinity
-3.5936399,28.494434,1217,6285,5,Anger,pretrained_ce_affinity
-6.3804274,-28.760267,1220,10131,6,Neutral,pretrained_ce_affinity
-21.836168,27.164558,1221,6738,0,Surprise,pretrained_ce_affinity
21.79276,23.002007,1223,898,0,Surprise,pretrained_ce_affinity
11.432782,-9.697419,1224,4003,2,Disgust,pretrained_ce_affinity
-6.7338533,-22.66766,1225,11745,6,Neutral,pretrained_ce_affinity
-35.77072,-5.9877114,1227,4139,4,Sadness,pretrained_ce_affinity
-15.257927,-7.326096,1229,11739,6,Neutral,pretrained_ce_affinity
27.67805,5.1861677,1230,3196,3,Happiness,pretrained_ce_affinity
-11.303896,-11.3751135,1231,8455,2,Disgust,pretrained_ce_affinity
33.202854,10.643741,1232,3142,3,Happiness,pretrained_ce_affinity
1.7081164,-33.444168,1233,9905,6,Neutral,pretrained_ce_affinity
-22.26247,19.153963,1234,5115,0,Surprise,pretrained_ce_affinity
26.500643,13.275036,1235,3255,3,Happiness,pretrained_ce_affinity
30.662283,15.859103,1236,1976,3,Happiness,pretrained_ce_affinity
-27.633589,24.12021,1237,4355,0,Surprise,pretrained_ce_affinity
33.46518,8.145055,1238,2435,3,Happiness,pretrained_ce_affinity
13.6930485,-13.940714,1240,10425,6,Neutral,pretrained_ce_affinity
34.66846,1.998602,1241,3589,3,Happiness,pretrained_ce_affinity
-8.726777,-26.052454,1243,11453,6,Neutral,pretrained_ce_affinity
-4.620733,-26.155539,1247,11312,6,Neutral,pretrained_ce_affinity
32.105854,-3.470753,1249,8014,3,Happiness,pretrained_ce_affinity
3.3300135,-33.241264,1250,11036,6,Neutral,pretrained_ce_affinity
-6.558253,-28.423689,1253,10192,6,Neutral,pretrained_ce_affinity
-19.522327,19.433556,1254,992,0,Surprise,pretrained_ce_affinity
46.476448,11.544066,1257,4406,3,Happiness,pretrained_ce_affinity
-36.54092,-11.04363,1258,1974,4,Sadness,pretrained_ce_affinity
-26.401516,24.376226,1259,1837,0,Surprise,pretrained_ce_affinity
24.00731,0.9812622,1262,4256,3,Happiness,pretrained_ce_affinity
32.670654,5.4661307,1263,2370,3,Happiness,pretrained_ce_affinity
31.470963,18.946072,1264,8419,3,Happiness,pretrained_ce_affinity
-26.115225,26.13327,1265,4046,0,Surprise,pretrained_ce_affinity
22.889364,9.236079,1266,4510,3,Happiness,pretrained_ce_affinity
-0.9314267,-16.611559,1269,12251,6,Neutral,pretrained_ce_affinity
38.19218,13.5956135,1270,2549,3,Happiness,pretrained_ce_affinity
-15.907614,-23.319622,1271,10258,6,Neutral,pretrained_ce_affinity
-32.070343,-10.866944,1272,6735,4,Sadness,pretrained_ce_affinity
-20.77286,20.555956,1273,2280,0,Surprise,pretrained_ce_affinity
-3.064265,26.1651,1274,5466,5,Anger,pretrained_ce_affinity
-2.2511442,-24.203316,1275,9958,6,Neutral,pretrained_ce_affinity
-31.296633,-16.508041,1277,7024,4,Sadness,pretrained_ce_affinity
-24.721031,23.08176,1278,2815,0,Surprise,pretrained_ce_affinity
28.4488,-3.0379622,1280,5595,3,Happiness,pretrained_ce_affinity
28.54956,1.2793423,1281,7125,3,Happiness,pretrained_ce_affinity
-4.2951365,-19.14381,1282,9492,2,Disgust,pretrained_ce_affinity
16.959452,9.322068,1283,2868,3,Happiness,pretrained_ce_affinity
-32.433712,-8.151373,1284,5841,4,Sadness,pretrained_ce_affinity
-6.9841204,-5.9585614,1285,9530,2,Disgust,pretrained_ce_affinity
10.844013,-14.6438055,1286,4689,3,Happiness,pretrained_ce_affinity
-19.943398,22.333931,1287,5546,0,Surprise,pretrained_ce_affinity
-22.868668,-3.6644747,1288,9637,2,Disgust,pretrained_ce_affinity
6.5002484,9.422488,1291,2320,3,Happiness,pretrained_ce_affinity
-20.17479,2.814947,1293,1316,5,Anger,pretrained_ce_affinity
33.16526,-7.452091,1294,5339,3,Happiness,pretrained_ce_affinity
-34.160538,-2.1655428,1296,9384,1,Fear,pretrained_ce_affinity
29.596865,5.4879704,1300,3889,3,Happiness,pretrained_ce_affinity
-8.544709,0.04613071,1301,9493,2,Disgust,pretrained_ce_affinity
36.341488,11.803758,1303,3792,3,Happiness,pretrained_ce_affinity
-1.1074127,26.006124,1304,7002,5,Anger,pretrained_ce_affinity
-24.60419,-3.6416724,1306,5441,4,Sadness,pretrained_ce_affinity
19.421408,0.015526661,1307,5493,3,Happiness,pretrained_ce_affinity
22.030962,4.414058,1308,3121,3,Happiness,pretrained_ce_affinity
42.54263,8.804391,1309,3894,3,Happiness,pretrained_ce_affinity
47.95223,10.465597,1310,3677,3,Happiness,pretrained_ce_affinity
13.2812195,6.092199,1311,584,4,Sadness,pretrained_ce_affinity
3.201952,-27.95417,1312,1344,0,Surprise,pretrained_ce_affinity
-27.411404,-18.99318,1313,9086,4,Sadness,pretrained_ce_affinity
-31.663881,-17.075161,1314,5487,4,Sadness,pretrained_ce_affinity
-1.8116883,-20.825518,1316,11287,6,Neutral,pretrained_ce_affinity
-18.843449,-18.591389,1317,12269,6,Neutral,pretrained_ce_affinity
40.294273,7.071513,1318,5988,3,Happiness,pretrained_ce_affinity
-12.1646385,-0.39418674,1319,4775,2,Disgust,pretrained_ce_affinity
-6.997286,-1.6782272,1321,9567,2,Disgust,pretrained_ce_affinity
-25.310244,23.208918,1325,2443,0,Surprise,pretrained_ce_affinity
-32.013588,9.5831785,1326,6519,5,Anger,pretrained_ce_affinity
-4.259283,26.780497,1327,8808,0,Surprise,pretrained_ce_affinity
-23.150908,-6.7498093,1330,6665,4,Sadness,pretrained_ce_affinity
37.05169,13.690585,1331,8059,3,Happiness,pretrained_ce_affinity
0.7671095,30.201336,1333,1240,5,Anger,pretrained_ce_affinity
31.063534,15.773724,1334,6856,3,Happiness,pretrained_ce_affinity
28.67836,-6.5170374,1335,5724,3,Happiness,pretrained_ce_affinity
-5.212282,-18.282116,1339,10119,6,Neutral,pretrained_ce_affinity
-0.4425991,-24.871319,1340,12259,6,Neutral,pretrained_ce_affinity
-35.63182,-9.157375,1342,4970,4,Sadness,pretrained_ce_affinity
34.891632,2.031804,1343,5074,3,Happiness,pretrained_ce_affinity
-16.928602,19.765478,1346,589,0,Surprise,pretrained_ce_affinity
-2.1935256,31.501175,1347,9114,5,Anger,pretrained_ce_affinity
18.133858,17.85974,1349,7712,5,Anger,pretrained_ce_affinity
-24.760021,-17.174768,1351,9076,3,Happiness,pretrained_ce_affinity
-29.95457,-14.671727,1352,1,4,Sadness,pretrained_ce_affinity
-21.501736,-8.454041,1353,8399,4,Sadness,pretrained_ce_affinity
0.36276522,-19.959452,1356,11962,6,Neutral,pretrained_ce_affinity
-32.785667,-16.156971,1358,4480,4,Sadness,pretrained_ce_affinity
-38.673504,-11.846928,1359,3086,4,Sadness,pretrained_ce_affinity
28.309664,-5.8458147,1360,2897,3,Happiness,pretrained_ce_affinity
-3.3666265,28.13172,1361,4233,5,Anger,pretrained_ce_affinity
36.669476,18.90754,1363,3249,3,Happiness,pretrained_ce_affinity
19.877254,4.452268,1365,6373,4,Sadness,pretrained_ce_affinity
-11.800981,-24.080069,1367,10768,6,Neutral,pretrained_ce_affinity
-28.031055,29.361172,1368,6208,0,Surprise,pretrained_ce_affinity
-10.081102,-19.010551,1369,11028,6,Neutral,pretrained_ce_affinity
-30.777435,-2.6003954,1370,7017,4,Sadness,pretrained_ce_affinity
-20.482103,-22.591421,1372,5660,4,Sadness,pretrained_ce_affinity
2.0414667,-32.2264,1373,10078,6,Neutral,pretrained_ce_affinity
36.44169,1.6163749,1375,373,3,Happiness,pretrained_ce_affinity
37.306526,6.079363,1376,5839,3,Happiness,pretrained_ce_affinity
4.051993,-28.939861,1377,11775,6,Neutral,pretrained_ce_affinity
-7.0106907,-24.674786,1378,9995,6,Neutral,pretrained_ce_affinity
-23.076498,21.01451,1379,7115,0,Surprise,pretrained_ce_affinity
36.376373,8.332077,1380,429,3,Happiness,pretrained_ce_affinity
13.402503,8.910559,1381,384,3,Happiness,pretrained_ce_affinity
-39.84236,-9.8235445,1383,7539,4,Sadness,pretrained_ce_affinity
27.158976,4.2126718,1384,1599,3,Happiness,pretrained_ce_affinity
-2.251064,-15.859494,1385,9626,2,Disgust,pretrained_ce_affinity
38.504513,10.972775,1386,3822,3,Happiness,pretrained_ce_affinity
40.35628,-3.848328,1387,4784,3,Happiness,pretrained_ce_affinity
35.98977,20.155819,1388,1735,3,Happiness,pretrained_ce_affinity
-24.835493,27.271288,1390,3085,0,Surprise,pretrained_ce_affinity
-1.9926714,-11.895203,1391,12074,6,Neutral,pretrained_ce_affinity
-2.6172462,-15.010575,1393,11172,6,Neutral,pretrained_ce_affinity
-15.379817,-26.069323,1396,10251,6,Neutral,pretrained_ce_affinity
34.509735,-5.089852,1397,2357,3,Happiness,pretrained_ce_affinity
26.04155,6.3109202,1400,1543,3,Happiness,pretrained_ce_affinity
-2.3848972,-26.84709,1401,11936,6,Neutral,pretrained_ce_affinity
-2.3670385,30.872995,1403,1088,5,Anger,pretrained_ce_affinity
-13.401115,-11.696142,1405,2384,2,Disgust,pretrained_ce_affinity
28.960304,5.478327,1407,2567,3,Happiness,pretrained_ce_affinity
0.47649604,32.32837,1410,4653,5,Anger,pretrained_ce_affinity
-1.4657155,-23.780071,1411,11913,6,Neutral,pretrained_ce_affinity
2.4647975,-33.868256,1412,10901,6,Neutral,pretrained_ce_affinity
29.054688,3.6390224,1413,4282,3,Happiness,pretrained_ce_affinity
-10.71784,-5.8011165,1414,11681,6,Neutral,pretrained_ce_affinity
32.871353,20.294813,1415,1917,3,Happiness,pretrained_ce_affinity
14.992551,6.457152,1416,2081,3,Happiness,pretrained_ce_affinity
17.96299,5.036123,1422,2636,3,Happiness,pretrained_ce_affinity
-13.253457,-18.667358,1423,12058,6,Neutral,pretrained_ce_affinity
-17.522768,0.5562299,1424,9394,1,Fear,pretrained_ce_affinity
0.71812266,31.643793,1425,6364,2,Disgust,pretrained_ce_affinity
-32.68079,10.768063,1427,9303,1,Fear,pretrained_ce_affinity
36.78869,0.80495447,1428,5141,3,Happiness,pretrained_ce_affinity
-4.3506403,28.91022,1429,7338,5,Anger,pretrained_ce_affinity
31.848469,13.680167,1431,4819,3,Happiness,pretrained_ce_affinity
43.1737,10.018295,1433,1411,3,Happiness,pretrained_ce_affinity
-23.515148,15.783852,1435,8254,0,Surprise,pretrained_ce_affinity
-16.364336,-1.6448983,1436,1365,4,Sadness,pretrained_ce_affinity
-27.896357,26.513573,1437,4395,0,Surprise,pretrained_ce_affinity
13.470796,2.0105035,1438,5249,3,Happiness,pretrained_ce_affinity
33.09102,-0.22956493,1439,972,3,Happiness,pretrained_ce_affinity
-8.153935,-26.311768,1440,11032,6,Neutral,pretrained_ce_affinity
-8.04612,-11.586816,1442,4884,3,Happiness,pretrained_ce_affinity
30.979303,3.981167,1443,5318,3,Happiness,pretrained_ce_affinity
-35.01524,-13.855872,1446,5788,4,Sadness,pretrained_ce_affinity
-25.345863,28.46696,1448,2318,0,Surprise,pretrained_ce_affinity
-1.4910593,-27.983946,1450,1460,4,Sadness,pretrained_ce_affinity
-27.568674,25.41359,1452,8505,0,Surprise,pretrained_ce_affinity
-32.042103,-0.750323,1455,9223,1,Fear,pretrained_ce_affinity
34.24466,11.236123,1457,2053,3,Happiness,pretrained_ce_affinity
-34.142036,-0.55281925,1458,9395,1,Fear,pretrained_ce_affinity
-3.240433,-28.33356,1459,10142,6,Neutral,pretrained_ce_affinity
-15.431944,-17.441723,1461,8588,4,Sadness,pretrained_ce_affinity
-19.988806,13.902768,1462,3752,4,Sadness,pretrained_ce_affinity
-2.9318106,-26.20735,1463,11815,6,Neutral,pretrained_ce_affinity
-41.455364,-9.378999,1464,920,4,Sadness,pretrained_ce_affinity
11.137328,-12.65312,1471,8335,3,Happiness,pretrained_ce_affinity
16.46318,-1.2803984,1472,5373,3,Happiness,pretrained_ce_affinity
-11.228193,-10.937116,1473,1084,4,Sadness,pretrained_ce_affinity
41.497406,13.517722,1474,494,3,Happiness,pretrained_ce_affinity
-4.9903564,4.6392655,1476,3704,5,Anger,pretrained_ce_affinity
-14.694572,-2.438344,1477,9403,2,Disgust,pretrained_ce_affinity
2.1821485,-26.94668,1478,10941,6,Neutral,pretrained_ce_affinity
-26.299395,-12.5133705,1479,4374,4,Sadness,pretrained_ce_affinity
-6.8073764,-7.879474,1480,9879,6,Neutral,pretrained_ce_affinity
14.640022,14.383388,1483,4955,3,Happiness,pretrained_ce_affinity
-6.7252064,-6.083272,1484,988,2,Disgust,pretrained_ce_affinity
-4.4346886,3.4541614,1485,1383,5,Anger,pretrained_ce_affinity
8.373061,-21.333973,1487,4797,3,Happiness,pretrained_ce_affinity
-19.622936,-3.8083608,1491,8944,3,Happiness,pretrained_ce_affinity
-6.7128506,5.314103,1493,7963,3,Happiness,pretrained_ce_affinity
8.182625,-6.8573093,1497,7815,2,Disgust,pretrained_ce_affinity
43.50944,12.257551,1498,2226,3,Happiness,pretrained_ce_affinity
-28.114326,26.622532,1499,6035,0,Surprise,pretrained_ce_affinity
-5.6772237,-13.721745,1502,10500,6,Neutral,pretrained_ce_affinity
30.041409,6.9059067,1504,587,3,Happiness,pretrained_ce_affinity
20.249195,14.628361,1505,2720,3,Happiness,pretrained_ce_affinity
-24.89261,20.468,1506,1784,0,Surprise,pretrained_ce_affinity
-40.07124,-11.784161,1507,3861,4,Sadness,pretrained_ce_affinity
32.886635,-5.749432,1510,5680,3,Happiness,pretrained_ce_affinity
-4.851204,-31.162502,1513,10597,6,Neutral,pretrained_ce_affinity
35.035576,12.59728,1514,9145,3,Happiness,pretrained_ce_affinity
21.92857,4.9345136,1515,8393,3,Happiness,pretrained_ce_affinity
38.488895,4.635695,1517,1789,3,Happiness,pretrained_ce_affinity
3.7739718,-27.022469,1518,12232,6,Neutral,pretrained_ce_affinity
-34.348866,9.5435095,1519,9296,1,Fear,pretrained_ce_affinity
38.523865,-1.2722425,1523,4253,3,Happiness,pretrained_ce_affinity
-29.449814,-6.35691,1525,8523,4,Sadness,pretrained_ce_affinity
-25.15634,-12.39059,1533,2860,4,Sadness,pretrained_ce_affinity
-31.359327,-4.8679204,1534,9616,2,Disgust,pretrained_ce_affinity
-33.63058,-10.062176,1537,5518,4,Sadness,pretrained_ce_affinity
-28.15057,29.549887,1538,1408,0,Surprise,pretrained_ce_affinity
-33.45142,-15.82082,1540,4482,4,Sadness,pretrained_ce_affinity
36.625305,5.5917616,1542,4916,3,Happiness,pretrained_ce_affinity
-0.19665772,-32.057278,1543,11062,6,Neutral,pretrained_ce_affinity
-16.19159,18.307196,1544,4558,0,Surprise,pretrained_ce_affinity
-20.814909,12.316079,1545,6967,0,Surprise,pretrained_ce_affinity
-14.112078,17.950434,1547,3968,0,Surprise,pretrained_ce_affinity
-12.841908,-4.970442,1548,8613,3,Happiness,pretrained_ce_affinity
-22.745928,-2.084586,1549,3109,2,Disgust,pretrained_ce_affinity
5.3479843,-6.391623,1551,12258,6,Neutral,pretrained_ce_affinity
27.58621,8.767341,1552,545,3,Happiness,pretrained_ce_affinity
11.487124,4.878676,1553,313,3,Happiness,pretrained_ce_affinity
28.086084,7.7575703,1554,7833,3,Happiness,pretrained_ce_affinity
-38.567757,-9.812242,1556,1314,4,Sadness,pretrained_ce_affinity
-39.88541,-12.886382,1557,1327,4,Sadness,pretrained_ce_affinity
19.565645,9.816303,1559,779,3,Happiness,pretrained_ce_affinity
37.397545,-4.396887,1563,4573,3,Happiness,pretrained_ce_affinity
40.073494,-4.9629073,1565,5626,3,Happiness,pretrained_ce_affinity
-30.54121,-10.971836,1566,611,4,Sadness,pretrained_ce_affinity
-40.425423,-9.250945,1567,344,4,Sadness,pretrained_ce_affinity
-29.861454,-7.0748425,1570,7579,4,Sadness,pretrained_ce_affinity
-36.88131,-9.255508,1572,1971,4,Sadness,pretrained_ce_affinity
1.0634111,-33.117687,1573,10918,6,Neutral,pretrained_ce_affinity
3.2373176,-19.904617,1574,10389,6,Neutral,pretrained_ce_affinity
-8.46689,-11.253723,1575,11721,6,Neutral,pretrained_ce_affinity
-30.83133,-8.256424,1578,12014,6,Neutral,pretrained_ce_affinity
21.06752,5.840491,1583,3136,3,Happiness,pretrained_ce_affinity
30.81009,-2.192658,1586,5598,3,Happiness,pretrained_ce_affinity
28.85523,6.54812,1587,8743,3,Happiness,pretrained_ce_affinity
36.373608,-5.2091813,1589,8105,3,Happiness,pretrained_ce_affinity
-12.568553,-22.004116,1591,10094,6,Neutral,pretrained_ce_affinity
-19.91877,23.628374,1592,3777,0,Surprise,pretrained_ce_affinity
8.038254,-18.05914,1594,12160,6,Neutral,pretrained_ce_affinity
26.821741,1.5559931,1595,3575,3,Happiness,pretrained_ce_affinity
-26.147476,29.076113,1597,6466,0,Surprise,pretrained_ce_affinity
10.21177,-11.769403,1598,9742,2,Disgust,pretrained_ce_affinity
-30.445621,-11.165195,1599,4466,4,Sadness,pretrained_ce_affinity
27.229452,-6.227735,1601,6774,3,Happiness,pretrained_ce_affinity
7.3899975,-17.57791,1602,11685,6,Neutral,pretrained_ce_affinity
-22.718832,-22.333496,1603,8251,4,Sadness,pretrained_ce_affinity
-1.9727976,27.396318,1604,1041,5,Anger,pretrained_ce_affinity
-15.307388,-23.962948,1605,6678,4,Sadness,pretrained_ce_affinity
8.246268,9.024875,1607,9513,2,Disgust,pretrained_ce_affinity
-17.566875,0.8542154,1608,9393,1,Fear,pretrained_ce_affinity
26.624107,-2.3237712,1609,8346,3,Happiness,pretrained_ce_affinity
45.19322,10.108062,1610,274,3,Happiness,pretrained_ce_affinity
45.807568,1.2023693,1611,1403,3,Happiness,pretrained_ce_affinity
-34.374207,-14.712451,1615,6826,4,Sadness,pretrained_ce_affinity
-10.248899,-3.6175916,1616,9724,2,Disgust,pretrained_ce_affinity
-37.817703,-6.0987625,1619,4001,4,Sadness,pretrained_ce_affinity
38.83775,11.1092825,1620,6331,3,Happiness,pretrained_ce_affinity
33.740868,15.740556,1622,1799,3,Happiness,pretrained_ce_affinity
-1.5250027,27.637688,1624,1234,5,Anger,pretrained_ce_affinity
32.084896,2.6794007,1625,1443,3,Happiness,pretrained_ce_affinity
39.10337,15.465617,1626,8404,3,Happiness,pretrained_ce_affinity
7.657212,8.512996,1629,8400,3,Happiness,pretrained_ce_affinity
-23.725935,-18.677938,1630,2192,4,Sadness,pretrained_ce_affinity
-6.576349,-26.76123,1631,10577,6,Neutral,pretrained_ce_affinity
-14.3109665,-2.3349996,1632,3748,2,Disgust,pretrained_ce_affinity
20.134188,13.6018305,1635,8681,3,Happiness,pretrained_ce_affinity
-38.785206,-11.16261,1638,2880,4,Sadness,pretrained_ce_affinity
-2.15891,31.833984,1639,1210,5,Anger,pretrained_ce_affinity
-24.557215,-18.141342,1640,7488,4,Sadness,pretrained_ce_affinity
-32.174976,11.319482,1642,9201,1,Fear,pretrained_ce_affinity
37.778515,-7.3328557,1643,8791,3,Happiness,pretrained_ce_affinity
-33.341175,-11.257294,1645,32,4,Sadness,pretrained_ce_affinity
-21.93924,25.702847,1647,3798,0,Surprise,pretrained_ce_affinity
-6.688352,-22.805027,1648,11726,6,Neutral,pretrained_ce_affinity
45.41147,14.506156,1649,8154,3,Happiness,pretrained_ce_affinity
-26.087528,-16.66478,1650,8274,4,Sadness,pretrained_ce_affinity
2.5721974,-25.385834,1651,9703,2,Disgust,pretrained_ce_affinity
-13.313933,15.162238,1653,10976,6,Neutral,pretrained_ce_affinity
-28.593447,19.063883,1655,6304,0,Surprise,pretrained_ce_affinity
27.22499,8.940158,1658,2611,3,Happiness,pretrained_ce_affinity
34.216156,-8.474607,1659,7952,3,Happiness,pretrained_ce_affinity
43.268585,-0.17822649,1660,1497,3,Happiness,pretrained_ce_affinity
-9.512591,-17.594645,1662,10950,6,Neutral,pretrained_ce_affinity
-10.199053,-6.0417566,1663,974,2,Disgust,pretrained_ce_affinity
-29.380896,-19.373281,1664,1147,4,Sadness,pretrained_ce_affinity
-18.587578,-4.8333387,1665,8774,2,Disgust,pretrained_ce_affinity
-10.528053,1.6935312,1667,9547,2,Disgust,pretrained_ce_affinity
-17.966566,23.85403,1669,9989,6,Neutral,pretrained_ce_affinity
-3.6536927,-25.374798,1670,9773,6,Neutral,pretrained_ce_affinity
14.203706,11.366205,1671,1495,3,Happiness,pretrained_ce_affinity
-27.244684,20.611801,1672,4261,0,Surprise,pretrained_ce_affinity
28.208015,-10.004521,1673,7954,3,Happiness,pretrained_ce_affinity
25.921259,9.656356,1674,7454,3,Happiness,pretrained_ce_affinity
14.228114,1.9513139,1675,13,3,Happiness,pretrained_ce_affinity
38.095547,7.9116645,1676,957,3,Happiness,pretrained_ce_affinity
16.388924,4.8995967,1677,6297,3,Happiness,pretrained_ce_affinity
35.251442,-7.8589487,1678,8183,3,Happiness,pretrained_ce_affinity
-28.53496,-20.232485,1680,11852,6,Neutral,pretrained_ce_affinity
-3.4904368,30.273773,1682,4085,5,Anger,pretrained_ce_affinity
-21.441235,28.186441,1683,506,0,Surprise,pretrained_ce_affinity
-38.81869,-7.7542367,1684,4718,4,Sadness,pretrained_ce_affinity
40.226574,-2.3637545,1685,3657,3,Happiness,pretrained_ce_affinity
41.22641,8.123514,1686,1995,3,Happiness,pretrained_ce_affinity
-23.954922,-11.8005295,1688,4828,4,Sadness,pretrained_ce_affinity
-32.099358,8.180671,1689,9158,1,Fear,pretrained_ce_affinity
-23.255148,-17.602781,1691,10916,6,Neutral,pretrained_ce_affinity
-8.629456,-25.17008,1692,10725,6,Neutral,pretrained_ce_affinity
-36.464622,-5.739909,1694,4287,4,Sadness,pretrained_ce_affinity
-26.819595,22.840925,1695,90,0,Surprise,pretrained_ce_affinity
-27.916035,24.071474,1696,3152,0,Surprise,pretrained_ce_affinity
-9.973697,0.808728,1697,5548,2,Disgust,pretrained_ce_affinity
2.6347349,-25.843039,1704,11585,6,Neutral,pretrained_ce_affinity
-2.3221076,-25.616556,1706,11038,6,Neutral,pretrained_ce_affinity
-4.336128,4.2799644,1709,5539,0,Surprise,pretrained_ce_affinity
-13.782851,-20.685503,1710,11559,6,Neutral,pretrained_ce_affinity
-26.455372,29.049797,1712,7550,0,Surprise,pretrained_ce_affinity
-5.922007,-1.0216627,1713,8002,2,Disgust,pretrained_ce_affinity
18.644663,6.454951,1714,5183,3,Happiness,pretrained_ce_affinity
32.221935,7.6036634,1715,8504,3,Happiness,pretrained_ce_affinity
-4.1724043,23.281988,1716,2757,5,Anger,pretrained_ce_affinity
47.02974,8.655421,1717,731,3,Happiness,pretrained_ce_affinity
31.737873,20.168865,1719,7050,3,Happiness,pretrained_ce_affinity
18.640846,8.698423,1721,5544,3,Happiness,pretrained_ce_affinity
13.366485,-14.039486,1722,6390,3,Happiness,pretrained_ce_affinity
-13.537952,-11.652165,1724,11427,6,Neutral,pretrained_ce_affinity
-1.0735828,32.962975,1725,5527,5,Anger,pretrained_ce_affinity
24.483936,-3.8200266,1727,4897,3,Happiness,pretrained_ce_affinity
21.807266,6.5228333,1729,2821,3,Happiness,pretrained_ce_affinity
28.80651,15.760733,1730,3505,3,Happiness,pretrained_ce_affinity
-10.461016,-25.497633,1731,11660,6,Neutral,pretrained_ce_affinity
-12.985285,-1.9032471,1732,4837,2,Disgust,pretrained_ce_affinity
-41.34875,-7.607556,1733,904,4,Sadness,pretrained_ce_affinity
-19.108387,-1.8329616,1734,7411,3,Happiness,pretrained_ce_affinity
-2.936311,-31.765188,1737,11013,6,Neutral,pretrained_ce_affinity
12.218848,6.5615997,1738,2642,4,Sadness,pretrained_ce_affinity
12.644429,2.2827613,1739,4012,4,Sadness,pretrained_ce_affinity
-31.030802,-15.124606,1740,6801,4,Sadness,pretrained_ce_affinity
45.05848,-0.39322704,1742,1042,3,Happiness,pretrained_ce_affinity
29.38408,8.925004,1743,7129,3,Happiness,pretrained_ce_affinity
11.437749,7.9232717,1745,2429,3,Happiness,pretrained_ce_affinity
-9.766159,0.095662385,1746,9574,2,Disgust,pretrained_ce_affinity
28.576265,1.9707483,1747,4532,3,Happiness,pretrained_ce_affinity
-19.430105,-5.827163,1748,6272,4,Sadness,pretrained_ce_affinity
-26.071161,-15.8617735,1750,11292,6,Neutral,pretrained_ce_affinity
39.797894,4.685718,1751,1512,3,Happiness,pretrained_ce_affinity
27.627285,18.379168,1752,7449,3,Happiness,pretrained_ce_affinity
24.192532,10.479384,1756,6510,3,Happiness,pretrained_ce_affinity
4.490702,-30.920862,1758,10062,6,Neutral,pretrained_ce_affinity
20.000477,-4.1623816,1759,2410,3,Happiness,pretrained_ce_affinity
-19.625881,-23.376108,1761,4812,4,Sadness,pretrained_ce_affinity
6.1311784,-14.252146,1763,309,3,Happiness,pretrained_ce_affinity
-16.105198,1.4745783,1764,9463,2,Disgust,pretrained_ce_affinity
-4.115173,-20.955837,1766,9837,6,Neutral,pretrained_ce_affinity
-39.499207,-10.723582,1767,671,4,Sadness,pretrained_ce_affinity
19.77505,6.2152476,1768,3524,3,Happiness,pretrained_ce_affinity
20.903322,-4.801411,1771,5654,3,Happiness,pretrained_ce_affinity
30.448416,5.5410485,1774,7126,3,Happiness,pretrained_ce_affinity
14.566647,8.846686,1777,2904,3,Happiness,pretrained_ce_affinity
30.138145,-7.775157,1778,4674,3,Happiness,pretrained_ce_affinity
-24.001392,-18.207972,1779,11667,6,Neutral,pretrained_ce_affinity
25.87686,3.7905815,1780,2941,3,Happiness,pretrained_ce_affinity
-1.2923869,-21.93665,1781,10701,6,Neutral,pretrained_ce_affinity
27.575493,21.493366,1782,9001,3,Happiness,pretrained_ce_affinity
16.084337,-1.3924414,1783,7530,3,Happiness,pretrained_ce_affinity
-2.838488,33.622654,1785,1246,5,Anger,pretrained_ce_affinity
-28.28661,15.397151,1786,4938,0,Surprise,pretrained_ce_affinity
-19.653437,-24.628178,1788,1289,4,Sadness,pretrained_ce_affinity
9.504139,9.773675,1791,9113,3,Happiness,pretrained_ce_affinity
-15.348202,-21.448856,1794,12176,6,Neutral,pretrained_ce_affinity
5.477498,-32.413063,1796,11142,6,Neutral,pretrained_ce_affinity
28.098078,20.76655,1798,734,3,Happiness,pretrained_ce_affinity
0.06684397,-15.936593,1799,10471,6,Neutral,pretrained_ce_affinity
-31.538492,-14.152254,1800,8004,4,Sadness,pretrained_ce_affinity
12.898455,12.181526,1801,489,3,Happiness,pretrained_ce_affinity
34.85305,10.161555,1802,5142,3,Happiness,pretrained_ce_affinity
32.32363,3.8468773,1803,1707,3,Happiness,pretrained_ce_affinity
19.268473,10.226422,1804,8361,3,Happiness,pretrained_ce_affinity
-26.98684,29.876534,1807,7434,0,Surprise,pretrained_ce_affinity
34.249256,18.039335,1808,8071,3,Happiness,pretrained_ce_affinity
4.4481983,7.5872197,1812,119,2,Disgust,pretrained_ce_affinity
-5.887663,-27.421175,1813,11568,6,Neutral,pretrained_ce_affinity
20.992962,22.45707,1814,7150,3,Happiness,pretrained_ce_affinity
-30.920698,-1.8011965,1816,658,4,Sadness,pretrained_ce_affinity
15.565119,4.3932457,1817,9048,3,Happiness,pretrained_ce_affinity
34.849915,9.029465,1818,9051,3,Happiness,pretrained_ce_affinity
-18.62785,-12.943502,1819,10795,6,Neutral,pretrained_ce_affinity
-11.286365,-2.2541516,1821,7765,4,Sadness,pretrained_ce_affinity
-11.6738825,12.376291,1822,4243,3,Happiness,pretrained_ce_affinity
-13.170968,-20.044416,1825,5926,3,Happiness,pretrained_ce_affinity
45.27595,1.1427151,1826,1689,3,Happiness,pretrained_ce_affinity
8.855109,-6.9029,1827,7886,3,Happiness,pretrained_ce_affinity
-33.731068,-15.297247,1829,6455,4,Sadness,pretrained_ce_affinity
23.217741,23.62532,1830,2243,3,Happiness,pretrained_ce_affinity
-28.257183,-9.24269,1832,7830,4,Sadness,pretrained_ce_affinity
-13.020331,-23.015179,1834,9055,4,Sadness,pretrained_ce_affinity
29.625986,-8.234025,1835,8792,3,Happiness,pretrained_ce_affinity
29.106174,7.918684,1837,2094,3,Happiness,pretrained_ce_affinity
22.624386,21.196083,1838,3530,3,Happiness,pretrained_ce_affinity
47.367245,11.653732,1839,2174,3,Happiness,pretrained_ce_affinity
-36.782375,-8.544424,1841,6028,4,Sadness,pretrained_ce_affinity
-0.7556918,27.013018,1842,3786,5,Anger,pretrained_ce_affinity
25.360569,-1.5939806,1843,8570,3,Happiness,pretrained_ce_affinity
-7.8406076,-25.297047,1845,11747,6,Neutral,pretrained_ce_affinity
-15.523193,18.839088,1848,2906,0,Surprise,pretrained_ce_affinity
-23.176353,23.788946,1849,6280,0,Surprise,pretrained_ce_affinity
-29.032158,-17.131525,1851,8983,4,Sadness,pretrained_ce_affinity
-17.473017,-3.4210792,1853,5148,2,Disgust,pretrained_ce_affinity
37.429325,12.581751,1854,4832,3,Happiness,pretrained_ce_affinity
-2.140197,32.124016,1855,7693,5,Anger,pretrained_ce_affinity
-29.590517,-17.330439,1856,4419,4,Sadness,pretrained_ce_affinity
-19.304497,3.0944102,1863,4650,0,Surprise,pretrained_ce_affinity
44.083397,10.324374,1866,5632,3,Happiness,pretrained_ce_affinity
-9.910972,-19.734356,1867,8776,4,Sadness,pretrained_ce_affinity
23.046171,-5.920203,1870,6000,3,Happiness,pretrained_ce_affinity
4.7180047,-21.646791,1874,10242,6,Neutral,pretrained_ce_affinity
30.77942,11.066971,1875,2783,3,Happiness,pretrained_ce_affinity
31.046457,7.055717,1877,6359,3,Happiness,pretrained_ce_affinity
-30.545734,9.555665,1878,9186,1,Fear,pretrained_ce_affinity
-20.714277,26.78851,1881,6931,0,Surprise,pretrained_ce_affinity
-0.53111124,-29.779755,1883,11078,6,Neutral,pretrained_ce_affinity
-34.57895,-5.2208405,1889,558,4,Sadness,pretrained_ce_affinity
-7.875344,-1.1038388,1891,9551,2,Disgust,pretrained_ce_affinity
-20.25029,26.096996,1892,6569,0,Surprise,pretrained_ce_affinity
-22.220638,15.291938,1894,7929,0,Surprise,pretrained_ce_affinity
30.557217,-3.6644986,1895,456,3,Happiness,pretrained_ce_affinity
-29.719822,25.135006,1896,5607,0,Surprise,pretrained_ce_affinity
-30.516005,-12.080685,1898,7753,4,Sadness,pretrained_ce_affinity
-11.992144,13.31403,1899,322,0,Surprise,pretrained_ce_affinity
-22.991568,21.280586,1900,7028,0,Surprise,pretrained_ce_affinity
28.274412,-3.5467157,1901,1180,3,Happiness,pretrained_ce_affinity
-2.2650409,26.338573,1903,6794,5,Anger,pretrained_ce_affinity
42.61846,4.4807186,1906,1122,3,Happiness,pretrained_ce_affinity
-26.932442,25.681599,1909,4418,0,Surprise,pretrained_ce_affinity
-0.26966792,32.609806,1910,4652,5,Anger,pretrained_ce_affinity
1.2489883,-28.418695,1911,10349,6,Neutral,pretrained_ce_affinity
-21.076868,-8.765399,1912,4919,4,Sadness,pretrained_ce_affinity
27.65137,1.5584997,1913,3309,3,Happiness,pretrained_ce_affinity
-16.18624,-7.6362586,1914,10848,6,Neutral,pretrained_ce_affinity
-11.174069,-13.536953,1916,10095,6,Neutral,pretrained_ce_affinity
-18.783144,-15.192403,1919,1014,4,Sadness,pretrained_ce_affinity
-34.47645,-3.591398,1920,7020,4,Sadness,pretrained_ce_affinity
-36.20639,-5.200822,1921,2323,4,Sadness,pretrained_ce_affinity
-21.532228,19.56047,1922,4356,0,Surprise,pretrained_ce_affinity
33.77299,6.283307,1928,4087,3,Happiness,pretrained_ce_affinity
0.5488404,-14.461918,1931,10039,6,Neutral,pretrained_ce_affinity
-8.325744,-3.8279777,1933,551,2,Disgust,pretrained_ce_affinity
30.441881,8.726303,1934,8451,3,Happiness,pretrained_ce_affinity
14.368652,-4.6961794,1936,9021,3,Happiness,pretrained_ce_affinity
-4.0780253,-9.802778,1937,10636,6,Neutral,pretrained_ce_affinity
4.3044662,-33.84475,1939,11810,6,Neutral,pretrained_ce_affinity
-25.531128,18.925648,1940,4755,3,Happiness,pretrained_ce_affinity
-5.1815786,-24.961649,1942,11809,6,Neutral,pretrained_ce_affinity
25.651974,-7.2055316,1943,4491,3,Happiness,pretrained_ce_affinity
34.452324,1.7036952,1944,3134,3,Happiness,pretrained_ce_affinity
16.120964,1.7412952,1946,4070,3,Happiness,pretrained_ce_affinity
-22.42421,-15.053099,1947,10324,6,Neutral,pretrained_ce_affinity
-25.843555,-19.827793,1950,8080,4,Sadness,pretrained_ce_affinity
12.386718,-14.310872,1952,8946,3,Happiness,pretrained_ce_affinity
-3.7152352,32.316853,1954,628,5,Anger,pretrained_ce_affinity
-13.781362,18.297194,1955,6949,0,Surprise,pretrained_ce_affinity
-4.4513392,24.13868,1956,7057,5,Anger,pretrained_ce_affinity
8.749959,-6.3973436,1958,6154,3,Happiness,pretrained_ce_affinity
29.118097,4.262964,1960,57,3,Happiness,pretrained_ce_affinity
26.1705,15.211029,1961,7138,3,Happiness,pretrained_ce_affinity
-3.048177,31.962212,1962,4654,5,Anger,pretrained_ce_affinity
-18.356033,11.900702,1963,8239,0,Surprise,pretrained_ce_affinity
-27.054583,26.880482,1964,6935,0,Surprise,pretrained_ce_affinity
-24.564306,23.984707,1965,6260,0,Surprise,pretrained_ce_affinity
44.603573,12.154669,1966,997,3,Happiness,pretrained_ce_affinity
5.575389,6.78649,1969,5169,2,Disgust,pretrained_ce_affinity
-3.0959399,-21.58488,1971,12211,6,Neutral,pretrained_ce_affinity
-0.9755971,27.704144,1973,7033,5,Anger,pretrained_ce_affinity
0.20030975,32.685192,1976,7360,5,Anger,pretrained_ce_affinity
5.715682,-15.770489,1977,1121,0,Surprise,pretrained_ce_affinity
-28.717325,-14.862092,1980,40,4,Sadness,pretrained_ce_affinity
-20.237318,5.0239615,1983,8985,5,Anger,pretrained_ce_affinity
-29.065765,25.647724,1984,1675,0,Surprise,pretrained_ce_affinity
-19.29999,-21.260525,1985,5203,4,Sadness,pretrained_ce_affinity
-31.152622,-3.26355,1986,2120,4,Sadness,pretrained_ce_affinity
-24.27331,28.738636,1987,7475,0,Surprise,pretrained_ce_affinity
-24.58434,28.251783,1988,3288,0,Surprise,pretrained_ce_affinity
37.146446,-3.0080054,1989,8392,3,Happiness,pretrained_ce_affinity
-37.501453,-4.224596,1991,9172,1,Fear,pretrained_ce_affinity
0.50711304,28.26927,1993,420,5,Anger,pretrained_ce_affinity
-7.8859763,-27.85181,1994,11446,6,Neutral,pretrained_ce_affinity
-18.049341,11.188958,2000,11496,6,Neutral,pretrained_ce_affinity
7.1444983,-16.274391,2004,9896,6,Neutral,pretrained_ce_affinity
23.962612,11.607428,2005,5208,3,Happiness,pretrained_ce_affinity
-22.550268,22.29754,2006,2403,0,Surprise,pretrained_ce_affinity
-24.540749,28.61741,2007,6841,0,Surprise,pretrained_ce_affinity
-6.3527613,4.5292244,2009,11851,6,Neutral,pretrained_ce_affinity
-8.133463,-0.60529554,2011,8093,2,Disgust,pretrained_ce_affinity
35.661716,-7.2766557,2012,3219,3,Happiness,pretrained_ce_affinity
26.524141,6.385859,2013,4005,3,Happiness,pretrained_ce_affinity
-33.56213,-2.4398727,2015,2119,4,Sadness,pretrained_ce_affinity
-10.634063,-23.09895,2017,10113,6,Neutral,pretrained_ce_affinity
23.775043,15.749987,2019,8343,3,Happiness,pretrained_ce_affinity
-0.54074234,-29.454576,2020,10012,6,Neutral,pretrained_ce_affinity
-2.0931258,-23.120916,2021,10912,6,Neutral,pretrained_ce_affinity
19.42028,-0.34475374,2022,1592,3,Happiness,pretrained_ce_affinity
34.869957,7.5886254,2024,942,3,Happiness,pretrained_ce_affinity
-8.906288,-0.32727742,2026,6808,5,Anger,pretrained_ce_affinity
-8.913953,-1.0579671,2027,9473,2,Disgust,pretrained_ce_affinity
-25.758642,-3.4168482,2028,8609,4,Sadness,pretrained_ce_affinity
-10.647185,-18.199608,2029,10486,6,Neutral,pretrained_ce_affinity
24.364262,5.185973,2031,8203,3,Happiness,pretrained_ce_affinity
-22.194113,-17.44735,2033,11415,6,Neutral,pretrained_ce_affinity
31.081064,-10.821636,2034,5700,3,Happiness,pretrained_ce_affinity
44.095333,7.2276306,2036,1736,3,Happiness,pretrained_ce_affinity
-22.347178,-13.883547,2038,6430,3,Happiness,pretrained_ce_affinity
41.190678,12.032813,2039,131,3,Happiness,pretrained_ce_affinity
24.682133,22.792557,2040,4538,3,Happiness,pretrained_ce_affinity
35.526207,-10.115954,2041,2772,3,Happiness,pretrained_ce_affinity
39.505573,6.2982597,2043,5041,3,Happiness,pretrained_ce_affinity
3.3093717,-31.299194,2044,10256,6,Neutral,pretrained_ce_affinity
27.406462,2.570218,2046,5967,3,Happiness,pretrained_ce_affinity
-26.094202,20.666239,2048,4756,0,Surprise,pretrained_ce_affinity
11.299925,8.309106,2049,3778,3,Happiness,pretrained_ce_affinity
40.927773,-0.5756556,2052,2586,3,Happiness,pretrained_ce_affinity
-32.948833,9.000303,2053,9379,1,Fear,pretrained_ce_affinity
-6.729543,-8.590174,2054,9894,6,Neutral,pretrained_ce_affinity
-11.250579,0.61548483,2055,5850,2,Disgust,pretrained_ce_affinity
-20.532345,22.270124,2056,7821,0,Surprise,pretrained_ce_affinity
2.7321024,-30.044842,2057,12027,6,Neutral,pretrained_ce_affinity
34.49821,-0.9708061,2058,607,3,Happiness,pretrained_ce_affinity
-7.6185217,-4.9273505,2059,6413,5,Anger,pretrained_ce_affinity
-32.763477,9.632306,2061,9267,1,Fear,pretrained_ce_affinity
-5.9924464,-19.086843,2062,10215,6,Neutral,pretrained_ce_affinity
29.2592,9.042551,2065,4592,3,Happiness,pretrained_ce_affinity
35.12573,5.1011586,2066,2113,3,Happiness,pretrained_ce_affinity
-31.941916,11.375266,2067,9331,1,Fear,pretrained_ce_affinity
35.272415,-0.04723058,2069,2927,3,Happiness,pretrained_ce_affinity
37.52914,-1.0802248,2071,6046,3,Happiness,pretrained_ce_affinity
31.369085,-0.23896791,2072,3993,3,Happiness,pretrained_ce_affinity
-7.493583,-29.726812,2074,10688,6,Neutral,pretrained_ce_affinity
27.166481,8.997532,2075,2148,3,Happiness,pretrained_ce_affinity
21.450047,-6.3671455,2077,979,3,Happiness,pretrained_ce_affinity
14.774921,6.2138753,2078,1771,3,Happiness,pretrained_ce_affinity
16.519697,9.832818,2079,6135,3,Happiness,pretrained_ce_affinity
0.016323833,31.60696,2080,1396,5,Anger,pretrained_ce_affinity
-29.914722,16.8493,2081,9386,1,Fear,pretrained_ce_affinity
44.364162,0.8203698,2082,4094,3,Happiness,pretrained_ce_affinity
41.33296,1.7209532,2083,8816,3,Happiness,pretrained_ce_affinity
-6.698204,-6.623115,2084,7915,2,Disgust,pretrained_ce_affinity
2.0490377,-20.703392,2087,11748,6,Neutral,pretrained_ce_affinity
46.231716,1.2044324,2088,1498,3,Happiness,pretrained_ce_affinity
-3.4430614,-14.653183,2089,6567,4,Sadness,pretrained_ce_affinity
15.377301,-3.4626544,2092,528,3,Happiness,pretrained_ce_affinity
45.254425,7.131679,2093,3337,3,Happiness,pretrained_ce_affinity
-1.0175732,-31.501226,2094,10845,6,Neutral,pretrained_ce_affinity
8.070662,-18.40026,2095,11340,6,Neutral,pretrained_ce_affinity
12.494953,2.6496444,2096,1790,4,Sadness,pretrained_ce_affinity
25.006344,-2.01971,2097,8894,3,Happiness,pretrained_ce_affinity
-23.192194,-19.541252,2099,6184,2,Disgust,pretrained_ce_affinity
-1.6955523,-22.281685,2100,10285,6,Neutral,pretrained_ce_affinity
-18.379875,1.4153639,2101,1063,5,Anger,pretrained_ce_affinity
28.117313,4.6895537,2102,3356,3,Happiness,pretrained_ce_affinity
-24.629505,-10.836368,2103,2900,2,Disgust,pretrained_ce_affinity
-9.892694,-1.0248019,2105,3942,2,Disgust,pretrained_ce_affinity
6.580588,-6.742082,2106,8228,4,Sadness,pretrained_ce_affinity
-9.397603,-2.4173076,2107,9620,2,Disgust,pretrained_ce_affinity
-31.990805,10.029391,2109,9304,1,Fear,pretrained_ce_affinity
-22.816889,-6.158402,2113,4563,4,Sadness,pretrained_ce_affinity
5.8870482,-14.079574,2115,11716,6,Neutral,pretrained_ce_affinity
10.728586,-13.383796,2116,4887,3,Happiness,pretrained_ce_affinity
-16.116568,-23.887999,2118,10262,6,Neutral,pretrained_ce_affinity
13.079067,-14.644521,2121,11173,6,Neutral,pretrained_ce_affinity
24.032108,21.034546,2123,8510,3,Happiness,pretrained_ce_affinity
-11.665069,-17.895262,2124,11053,6,Neutral,pretrained_ce_affinity
8.639773,-22.669851,2125,6561,3,Happiness,pretrained_ce_affinity
-5.2928834,-28.531729,2126,11691,6,Neutral,pretrained_ce_affinity
-27.177734,15.846354,2127,9255,1,Fear,pretrained_ce_affinity
21.674511,3.9819193,2128,6393,3,Happiness,pretrained_ce_affinity
20.593248,23.765974,2129,5416,0,Surprise,pretrained_ce_affinity
-25.089472,19.855316,2131,6570,0,Surprise,pretrained_ce_affinity
-7.7581005,-18.264189,2132,10956,6,Neutral,pretrained_ce_affinity
-17.865452,15.020748,2133,101,4,Sadness,pretrained_ce_affinity
-15.003958,-9.128888,2134,11654,6,Neutral,pretrained_ce_affinity
38.221622,-0.0044094194,2135,8656,3,Happiness,pretrained_ce_affinity
15.701948,14.71682,2136,4855,3,Happiness,pretrained_ce_affinity
21.939402,6.8670664,2138,2626,3,Happiness,pretrained_ce_affinity
-19.457367,-17.257145,2139,9975,6,Neutral,pretrained_ce_affinity
26.582645,17.71652,2140,6080,3,Happiness,pretrained_ce_affinity
29.639122,-4.5421624,2141,2201,3,Happiness,pretrained_ce_affinity
17.985197,12.600274,2142,8661,3,Happiness,pretrained_ce_affinity
33.175213,3.1707428,2143,7252,3,Happiness,pretrained_ce_affinity
-16.902195,-21.4416,2145,10442,6,Neutral,pretrained_ce_affinity
26.984724,-0.3103001,2146,8099,3,Happiness,pretrained_ce_affinity
-20.976568,21.413237,2147,3162,0,Surprise,pretrained_ce_affinity
12.429301,-7.460833,2149,4089,3,Happiness,pretrained_ce_affinity
-26.01901,21.78611,2150,8100,0,Surprise,pretrained_ce_affinity
-1.2013925,-15.254116,2151,11085,6,Neutral,pretrained_ce_affinity
-32.871586,10.337338,2152,7380,1,Fear,pretrained_ce_affinity
38.703495,12.17438,2153,9004,3,Happiness,pretrained_ce_affinity
22.40887,19.688547,2154,4958,3,Happiness,pretrained_ce_affinity
26.28761,1.0416863,2155,7053,3,Happiness,pretrained_ce_affinity
-9.925183,-1.3689866,2157,12021,6,Neutral,pretrained_ce_affinity
40.41341,11.208883,2158,8633,3,Happiness,pretrained_ce_affinity
-5.855141,-7.241873,2160,11421,6,Neutral,pretrained_ce_affinity
13.883169,15.024244,2162,1894,3,Happiness,pretrained_ce_affinity
11.825577,4.7174797,2163,3476,3,Happiness,pretrained_ce_affinity
17.755554,14.6514,2164,1952,3,Happiness,pretrained_ce_affinity
2.9556234,-32.97319,2165,11665,6,Neutral,pretrained_ce_affinity
10.056703,6.5010486,2167,1522,3,Happiness,pretrained_ce_affinity
-23.886295,26.470844,2168,6031,0,Surprise,pretrained_ce_affinity
-17.965876,-3.6751633,2169,2007,4,Sadness,pretrained_ce_affinity
16.801584,6.8328705,2171,1558,3,Happiness,pretrained_ce_affinity
11.426626,-9.904737,2172,7642,3,Happiness,pretrained_ce_affinity
19.451866,8.241421,2173,5692,3,Happiness,pretrained_ce_affinity
-4.0808945,-31.770689,2176,11841,6,Neutral,pretrained_ce_affinity
-6.3657546,-25.260592,2177,10110,6,Neutral,pretrained_ce_affinity
-20.918116,24.735104,2178,4357,0,Surprise,pretrained_ce_affinity
0.44915575,-28.546652,2179,10248,6,Neutral,pretrained_ce_affinity
1.7493752,-24.581594,2181,9984,6,Neutral,pretrained_ce_affinity
-18.115625,14.757207,2182,7874,0,Surprise,pretrained_ce_affinity
-8.882647,-29.233145,2183,11698,6,Neutral,pretrained_ce_affinity
3.0504792,-21.914211,2184,11575,6,Neutral,pretrained_ce_affinity
11.402555,-12.136153,2186,11440,6,Neutral,pretrained_ce_affinity
-11.913125,15.47039,2188,9266,1,Fear,pretrained_ce_affinity
-25.676935,-1.7746067,2189,5129,4,Sadness,pretrained_ce_affinity
-27.915485,-12.976387,2190,6368,4,Sadness,pretrained_ce_affinity
-26.101942,-18.357714,2192,782,4,Sadness,pretrained_ce_affinity
-1.9149241,-24.752419,2194,12250,6,Neutral,pretrained_ce_affinity
33.419094,-1.227549,2195,8085,3,Happiness,pretrained_ce_affinity
-4.2023706,2.4618857,2197,6521,5,Anger,pretrained_ce_affinity
-20.495432,2.9834142,2198,7766,4,Sadness,pretrained_ce_affinity
22.496508,10.334498,2199,4386,3,Happiness,pretrained_ce_affinity
-3.582759,-29.543945,2200,11499,6,Neutral,pretrained_ce_affinity
20.469881,8.167314,2204,8494,3,Happiness,pretrained_ce_affinity
-8.533479,-30.728155,2205,10168,6,Neutral,pretrained_ce_affinity
41.271477,15.849612,2206,2752,3,Happiness,pretrained_ce_affinity
32.734753,-5.426153,2207,2987,3,Happiness,pretrained_ce_affinity
23.167488,21.158901,2208,591,3,Happiness,pretrained_ce_affinity
-30.085209,-16.478918,2209,6976,4,Sadness,pretrained_ce_affinity
17.151573,14.513614,2212,2690,3,Happiness,pretrained_ce_affinity
-7.221562,0.10901888,2213,9175,1,Fear,pretrained_ce_affinity
1.3509961,-13.221953,2215,1890,3,Happiness,pretrained_ce_affinity
-23.81979,27.023335,2216,6985,0,Surprise,pretrained_ce_affinity
-24.459856,27.03888,2218,7448,0,Surprise,pretrained_ce_affinity
18.099493,6.777355,2219,2178,3,Happiness,pretrained_ce_affinity
-1.9255103,-33.494274,2220,11606,6,Neutral,pretrained_ce_affinity
-13.099746,18.593134,2222,10743,6,Neutral,pretrained_ce_affinity
36.410908,9.340104,2223,6147,3,Happiness,pretrained_ce_affinity
-0.15402523,29.588799,2226,7620,5,Anger,pretrained_ce_affinity
40.087612,3.3575203,2227,2700,3,Happiness,pretrained_ce_affinity
-31.479609,12.248957,2228,7301,1,Fear,pretrained_ce_affinity
28.162884,17.701231,2229,3918,3,Happiness,pretrained_ce_affinity
23.674484,13.314877,2231,1760,3,Happiness,pretrained_ce_affinity
14.542569,-3.3695273,2232,1191,3,Happiness,pretrained_ce_affinity
33.1226,7.9057283,2233,2066,3,Happiness,pretrained_ce_affinity
-28.645834,-6.458355,2235,582,4,Sadness,pretrained_ce_affinity
-12.396175,12.523722,2239,128,0,Surprise,pretrained_ce_affinity
32.53522,14.980455,2241,6618,3,Happiness,pretrained_ce_affinity
-30.126354,18.918879,2244,1123,0,Surprise,pretrained_ce_affinity
18.980612,5.7174716,2251,4033,3,Happiness,pretrained_ce_affinity
-26.389948,-12.502166,2252,4827,4,Sadness,pretrained_ce_affinity
-18.182348,-22.441925,2255,6,4,Sadness,pretrained_ce_affinity
30.465048,21.017748,2256,6788,3,Happiness,pretrained_ce_affinity
41.021336,-6.3704715,2257,4124,3,Happiness,pretrained_ce_affinity
-6.769588,-23.76596,2259,12071,6,Neutral,pretrained_ce_affinity
31.987623,-3.1022599,2261,259,3,Happiness,pretrained_ce_affinity
-37.777622,-8.626819,2262,6729,4,Sadness,pretrained_ce_affinity
-15.73437,17.09354,2263,10723,6,Neutral,pretrained_ce_affinity
39.21732,4.9827504,2266,2924,3,Happiness,pretrained_ce_affinity
1.6035457,-24.813828,2267,9982,6,Neutral,pretrained_ce_affinity
-14.569448,-10.950639,2268,9699,2,Disgust,pretrained_ce_affinity
-32.29513,-14.374007,2269,8575,4,Sadness,pretrained_ce_affinity
33.293488,2.3691745,2270,2463,3,Happiness,pretrained_ce_affinity
-11.579616,-6.1877875,2271,10239,6,Neutral,pretrained_ce_affinity
-4.077311,-34.153698,2272,9766,6,Neutral,pretrained_ce_affinity
-7.128647,-29.584633,2273,10058,6,Neutral,pretrained_ce_affinity
-16.47437,0.20551597,2277,5051,2,Disgust,pretrained_ce_affinity
42.78228,1.2948376,2278,6014,3,Happiness,pretrained_ce_affinity
-23.456354,-7.001192,2280,6744,4,Sadness,pretrained_ce_affinity
38.90629,15.548961,2281,4380,3,Happiness,pretrained_ce_affinity
-5.038297,-20.28917,2283,10086,6,Neutral,pretrained_ce_affinity
1.2425284,-32.503155,2284,10627,6,Neutral,pretrained_ce_affinity
-11.241768,-19.574589,2285,11426,6,Neutral,pretrained_ce_affinity
-32.623917,-16.153996,2289,4478,4,Sadness,pretrained_ce_affinity
-12.742509,0.3991592,2291,5362,2,Disgust,pretrained_ce_affinity
7.918498,-6.11933,2293,10567,6,Neutral,pretrained_ce_affinity
-12.751449,0.44798326,2294,4680,4,Sadness,pretrained_ce_affinity
45.658215,13.256594,2298,1333,3,Happiness,pretrained_ce_affinity
-27.923662,16.98042,2299,4216,0,Surprise,pretrained_ce_affinity
-1.9813658,28.521648,2300,6909,5,Anger,pretrained_ce_affinity
25.124445,8.095228,2307,2173,3,Happiness,pretrained_ce_affinity
15.591919,4.1866584,2308,2147,3,Happiness,pretrained_ce_affinity
-39.53127,-10.700318,2311,7945,4,Sadness,pretrained_ce_affinity
13.67622,6.0869393,2312,6100,3,Happiness,pretrained_ce_affinity
35.154587,15.014373,2314,3915,3,Happiness,pretrained_ce_affinity
31.633385,5.2595797,2316,4116,3,Happiness,pretrained_ce_affinity
-37.489048,-12.323524,2317,5597,4,Sadness,pretrained_ce_affinity
-22.148525,22.666803,2318,1097,0,Surprise,pretrained_ce_affinity
24.50621,7.791645,2320,1630,3,Happiness,pretrained_ce_affinity
-23.862524,28.825132,2325,5331,0,Surprise,pretrained_ce_affinity
-0.5619689,31.297014,2326,6164,5,Anger,pretrained_ce_affinity
37.376526,-1.4140642,2327,7196,3,Happiness,pretrained_ce_affinity
2.476475,-21.429972,2328,9831,6,Neutral,pretrained_ce_affinity
1.8790725,-34.213528,2329,9851,6,Neutral,pretrained_ce_affinity
14.135604,13.366568,2330,4214,3,Happiness,pretrained_ce_affinity
-23.210497,-0.55597997,2331,3430,4,Sadness,pretrained_ce_affinity
31.058758,-6.9106665,2332,7763,3,Happiness,pretrained_ce_affinity
30.196638,1.1902728,2333,2740,3,Happiness,pretrained_ce_affinity
-13.468453,15.851968,2334,11049,6,Neutral,pretrained_ce_affinity
-9.238423,-0.08265133,2336,9136,2,Disgust,pretrained_ce_affinity
22.683048,22.74702,2342,5116,3,Happiness,pretrained_ce_affinity
-31.50793,-12.363929,2343,5578,4,Sadness,pretrained_ce_affinity
-26.113937,-5.9738145,2344,4008,4,Sadness,pretrained_ce_affinity
38.345776,0.8993788,2345,3375,3,Happiness,pretrained_ce_affinity
32.357445,7.227313,2346,876,3,Happiness,pretrained_ce_affinity
27.10484,-3.808881,2347,3316,3,Happiness,pretrained_ce_affinity
-21.386875,22.044321,2349,855,0,Surprise,pretrained_ce_affinity
37.583584,4.318077,2351,8337,3,Happiness,pretrained_ce_affinity
-17.66483,-22.102823,2352,10037,6,Neutral,pretrained_ce_affinity
7.866117,-22.517239,2353,10424,6,Neutral,pretrained_ce_affinity
-31.450577,10.020632,2355,9349,1,Fear,pretrained_ce_affinity
33.266174,19.400225,2356,971,3,Happiness,pretrained_ce_affinity
-14.738046,-20.249735,2360,9798,6,Neutral,pretrained_ce_affinity
3.2021952,-35.049744,2361,12215,6,Neutral,pretrained_ce_affinity
26.379904,17.593859,2362,6641,3,Happiness,pretrained_ce_affinity
18.306416,7.4653096,2363,8918,3,Happiness,pretrained_ce_affinity
-22.292261,16.723143,2367,913,0,Surprise,pretrained_ce_affinity
-6.7121463,-4.2077885,2368,7014,2,Disgust,pretrained_ce_affinity
-36.81032,-10.685003,2369,5486,4,Sadness,pretrained_ce_affinity
-20.128628,13.464317,2370,3351,1,Fear,pretrained_ce_affinity
-27.87849,-8.76383,2372,5397,4,Sadness,pretrained_ce_affinity
-7.7060223,-26.747503,2373,10170,6,Neutral,pretrained_ce_affinity
4.550231,-29.704943,2375,10579,6,Neutral,pretrained_ce_affinity
-1.3744271,33.103077,2377,7505,5,Anger,pretrained_ce_affinity
46.112743,-0.37918207,2378,3615,3,Happiness,pretrained_ce_affinity
37.75256,2.797889,2379,6916,3,Happiness,pretrained_ce_affinity
-7.456634,25.960213,2380,474,5,Anger,pretrained_ce_affinity
34.66181,21.385618,2382,710,3,Happiness,pretrained_ce_affinity
29.887981,-0.4249115,2383,3484,3,Happiness,pretrained_ce_affinity
44.86376,14.209063,2384,1624,3,Happiness,pretrained_ce_affinity
0.9428978,27.714943,2385,1453,5,Anger,pretrained_ce_affinity
1.7142649,-31.0858,2387,9775,6,Neutral,pretrained_ce_affinity
35.45854,-3.716243,2389,6503,3,Happiness,pretrained_ce_affinity
2.9662468,-24.117317,2390,10188,6,Neutral,pretrained_ce_affinity
42.07382,9.901621,2392,2699,3,Happiness,pretrained_ce_affinity
-28.652021,-5.158246,2393,3841,4,Sadness,pretrained_ce_affinity
46.478207,2.9688613,2394,894,3,Happiness,pretrained_ce_affinity
-1.351399,28.751356,2397,676,5,Anger,pretrained_ce_affinity
-25.798578,19.284061,2399,1002,0,Surprise,pretrained_ce_affinity
-21.310183,-11.4640045,2401,2347,4,Sadness,pretrained_ce_affinity
28.119923,-8.848359,2402,6891,3,Happiness,pretrained_ce_affinity
-25.390253,21.611034,2405,5337,3,Happiness,pretrained_ce_affinity
39.363346,-1.0715412,2406,2509,3,Happiness,pretrained_ce_affinity
-17.650522,20.84611,2407,6903,0,Surprise,pretrained_ce_affinity
-29.477037,-13.035894,2408,6885,4,Sadness,pretrained_ce_affinity
-15.69571,19.682333,2409,4736,0,Surprise,pretrained_ce_affinity
11.233497,5.3940167,2410,1256,0,Surprise,pretrained_ce_affinity
-10.342142,-16.712349,2412,4911,3,Happiness,pretrained_ce_affinity
37.70917,18.787502,2416,6525,3,Happiness,pretrained_ce_affinity
-13.63091,-21.275524,2417,9802,6,Neutral,pretrained_ce_affinity
7.50757,-21.946423,2420,11420,6,Neutral,pretrained_ce_affinity
33.119205,-6.750147,2424,6811,3,Happiness,pretrained_ce_affinity
-28.21466,-11.76326,2425,8617,4,Sadness,pretrained_ce_affinity
46.855328,8.293394,2426,8952,3,Happiness,pretrained_ce_affinity
-0.9231892,-23.631405,2428,11185,6,Neutral,pretrained_ce_affinity
-24.73884,-20.439697,2429,6418,4,Sadness,pretrained_ce_affinity
34.22343,21.1887,2430,1845,3,Happiness,pretrained_ce_affinity
10.46868,12.431667,2433,9366,1,Fear,pretrained_ce_affinity
-3.3306375,28.75845,2434,1560,0,Surprise,pretrained_ce_affinity
-33.823914,-16.276337,2436,841,4,Sadness,pretrained_ce_affinity
-28.900698,-6.3480825,2437,7493,4,Sadness,pretrained_ce_affinity
-34.75791,-14.088443,2438,1105,4,Sadness,pretrained_ce_affinity
-2.5577772,-28.856365,2439,11733,6,Neutral,pretrained_ce_affinity
34.214603,-3.2932274,2441,2936,3,Happiness,pretrained_ce_affinity
20.126417,-1.2240418,2443,5307,3,Happiness,pretrained_ce_affinity
18.669912,4.309166,2446,2811,3,Happiness,pretrained_ce_affinity
40.76637,12.967979,2447,2439,3,Happiness,pretrained_ce_affinity
28.81785,5.09954,2448,6174,3,Happiness,pretrained_ce_affinity
-29.544249,19.808167,2449,2972,0,Surprise,pretrained_ce_affinity
-41.35288,-8.742407,2450,4585,4,Sadness,pretrained_ce_affinity
-18.93453,0.025169516,2452,4100,0,Surprise,pretrained_ce_affinity
